Timestamp,PPG_Crudo,PPG_Filtrado,GSR_Crudo,BPM,Ratio_ba,Aging_Index,SCL
18:46:21.901,-107463.0,,1260.0,,,,
18:46:21.908,-107415.0,,2328.0,,,,
18:46:21.912,-107433.0,,158.0,,,,
18:46:21.917,-107400.0,,316.0,,,,
18:46:21.922,-107407.0,,1258.0,,,,
18:46:21.927,-107389.0,,2332.0,,,,
18:46:21.931,-107428.0,,159.0,,,,
18:46:21.936,-107406.0,,314.0,,,,
18:46:21.940,-107423.0,,1256.0,,,,
18:46:21.945,-107405.0,,2331.0,,,,
18:46:21.950,-107460.0,,167.0,,,,
18:46:21.955,-107481.0,,313.0,,,,
18:46:21.960,-107513.0,,1243.0,,,,
18:46:21.965,-107533.0,,2334.0,,,,
18:46:21.971,-107589.0,,186.0,,,,
18:46:21.976,-107599.0,,328.0,,,,
18:46:21.981,-107612.0,,1721.0,,,,
18:46:21.986,-107668.0,,2104.0,,,,
18:46:21.991,-107710.0,,176.0,,,,
18:46:21.996,-107730.0,,331.0,,,,
18:46:22.001,-107734.0,,1719.0,,,,
18:46:22.006,-107763.0,,2106.0,,,,
18:46:22.011,-107789.0,,183.0,,,,
18:46:22.015,-107818.0,,332.0,,,,
18:46:22.020,-107839.0,,1707.0,,,,
18:46:22.025,-107881.0,,2109.0,,,,
18:46:22.030,-107916.0,,184.0,,,,
18:46:22.035,-107949.0,,332.0,,,,
18:46:22.040,-107960.0,,1706.0,,,,
18:46:22.045,-108021.0,,2110.0,,,,
18:46:22.050,-108060.0,,184.0,,,,
18:46:22.055,-108108.0,,332.0,,,,
18:46:22.060,-108126.0,,1692.0,,,,
18:46:22.065,-108197.0,,2118.0,,,,
18:46:22.070,-108254.0,,174.0,,,,
18:46:22.075,-108301.0,,330.0,,,,
18:46:22.080,-108349.0,,1688.0,,,,
18:46:22.085,-108393.0,,2112.0,,,,
18:46:22.091,-108431.0,,174.0,,,,
18:46:22.095,-108443.0,,332.0,,,,
18:46:22.100,-108472.0,,1678.0,,,,
18:46:22.107,-108518.0,,2123.0,,,,
18:46:22.112,-108551.0,,185.0,,,,
18:46:22.117,-108543.0,,328.0,,,,
18:46:22.121,-108570.0,,1659.0,,,,
18:46:22.126,-108588.0,,2124.0,,,,
18:46:22.130,-108621.0,,185.0,,,,
18:46:22.135,-108608.0,,328.0,,,,
18:46:22.140,-108633.0,,1626.0,,,,
18:46:22.145,-108625.0,,2122.0,,,,
18:46:22.152,-108647.0,,203.0,,,,
18:46:22.156,-108630.0,,359.0,,,,
18:46:22.162,-108630.0,,2076.0,,,,
18:46:22.167,-108642.0,,1628.0,,,,
18:46:22.171,-108665.0,,199.0,,,,
18:46:22.176,-108662.0,,351.0,,,,
18:46:22.182,-108643.0,,2041.0,,,,
18:46:22.186,-108648.0,,1658.0,,,,
18:46:22.192,-108671.0,,189.0,,,,
18:46:22.197,-108699.0,,351.0,,,,
18:46:22.201,-108680.0,,2014.0,,,,
18:46:22.207,-108716.0,,1672.0,,,,
18:46:22.214,-108702.0,,199.0,,,,
18:46:22.218,-108706.0,,349.0,,,,
18:46:22.225,-108718.0,,1998.0,,,,
18:46:22.231,-108739.0,,1676.0,,,,
18:46:22.237,-108754.0,,200.0,,,,
18:46:22.243,-108767.0,,349.0,,,,
18:46:22.250,-108771.0,,1979.0,,,,
18:46:22.254,-108794.0,,1688.0,,,,
18:46:22.258,-108834.0,,198.0,,,,
18:46:22.262,-108849.0,,349.0,,,,
18:46:22.266,-108851.0,,1962.0,,,,
18:46:22.270,-108871.0,,1694.0,,,,
18:46:22.274,-108905.0,,188.0,,,,
18:46:22.278,-108940.0,,347.0,,,,
18:46:22.282,-108942.0,,1946.0,,,,
18:46:22.287,-108966.0,,1706.0,,,,
18:46:22.292,-109001.0,,189.0,,,,
18:46:22.297,-109020.0,,345.0,,,,
18:46:22.302,-109039.0,,1916.0,,,,
18:46:22.307,-109048.0,,1708.0,,,,
18:46:22.311,-109098.0,,190.0,,,,
18:46:22.317,-109111.0,,344.0,,,,
18:46:22.322,-109127.0,,1879.0,,,,
18:46:22.328,-109149.0,,1160.0,,,,
18:46:22.333,-109189.0,,279.0,,,,
18:46:22.338,-109232.0,,429.0,,,,
18:46:22.343,-109237.0,,2411.0,,,,
18:46:22.348,-109271.0,,1181.0,,,,
18:46:22.353,-109298.0,,280.0,,,,
18:46:22.358,-109328.0,,412.0,,,,
18:46:22.362,-109328.0,,2252.0,,,,
18:46:22.367,-109369.0,,1261.0,,,,
18:46:22.372,-109403.0,,269.0,,,,
18:46:22.377,-109429.0,,379.0,,,,
18:46:22.382,-109445.0,,2026.0,,,,
18:46:22.387,-109477.0,,1417.0,,,,
18:46:22.392,-109481.0,,266.0,,,,
18:46:22.397,-109530.0,,368.0,,,,
18:46:22.404,-109542.0,,1980.0,,,,
18:46:22.412,-109579.0,,1438.0,,,,
18:46:22.420,-109613.0,,254.0,,,,
18:46:22.427,-109617.0,,363.0,,,,
18:46:22.434,-109648.0,,1965.0,,,,
18:46:22.442,-109687.0,,1438.0,,,,
18:46:22.449,-109724.0,,254.0,,,,
18:46:22.457,-109751.0,,362.0,,,,
18:46:22.464,-109771.0,,1948.0,,,,
18:46:22.470,-109813.0,,1454.0,,,,
18:46:22.477,-109845.0,,254.0,,,,
18:46:22.484,-109882.0,,362.0,,,,
18:46:22.490,-109879.0,,1931.0,,,,
18:46:22.496,-109915.0,,1464.0,,,,
18:46:22.505,-109951.0,,251.0,,,,
18:46:22.513,-109978.0,,360.0,,,,
18:46:22.522,-110007.0,,1919.0,,,,
18:46:22.530,-110034.0,,1470.0,,,,
18:46:22.539,-110051.0,,252.0,,,,
18:46:22.549,-110100.0,,350.0,,,,
18:46:22.557,-110107.0,,2216.0,,,,
18:46:22.564,-110138.0,,1070.0,,,,
18:46:22.570,-110159.0,,278.0,,,,
18:46:22.576,-110164.0,,473.0,,,,
18:46:22.583,-110169.0,,2191.0,,,,
18:46:22.589,-110206.0,,1082.0,,,,
18:46:22.596,-110208.0,,278.0,,,,
18:46:22.603,-110226.0,,474.0,,,,
18:46:22.609,-110236.0,,2188.0,,,,
18:46:22.615,-110278.0,,1095.0,,,,
18:46:22.623,-110314.0,,270.0,,,,
18:46:22.630,-110338.0,,472.0,,,,
18:46:22.636,-110343.0,,2191.0,,,,
18:46:22.644,-110376.0,,1097.0,,,,
18:46:22.651,-110414.0,,268.0,,,,
18:46:22.657,-110454.0,,473.0,,,,
18:46:22.664,-110447.0,,2186.0,,,,
18:46:22.667,-110492.0,,1098.0,,,,
18:46:22.675,-110516.0,,271.0,,,,
18:46:22.675,-110524.0,,472.0,,,,
18:46:22.683,-110547.0,,2185.0,,,,
18:46:22.692,-110566.0,,1102.0,,,,
18:46:22.701,-110593.0,,270.0,,,,
18:46:22.708,-110613.0,,464.0,,,,
18:46:22.708,-110575.0,,2184.0,,,,
18:46:22.717,-110592.0,,1112.0,,,,
18:46:22.725,-110603.0,,280.0,,,,
18:46:22.730,-110569.0,,462.0,,,,
18:46:22.733,-110561.0,,2185.0,,,,
18:46:22.741,-110514.0,,1114.0,,,,
18:46:22.741,-110469.0,,269.0,,,,
18:46:22.750,-110408.0,,461.0,,,,
18:46:22.750,-110290.0,,2185.0,,,,
18:46:22.758,-110166.0,,1118.0,,,,
18:46:22.758,-110007.0,,266.0,,,,
18:46:22.766,-109848.0,,653.0,,,,
18:46:22.766,-109677.0,,2208.0,,,,
18:46:22.776,-109533.0,,638.0,,,,
18:46:22.784,-109336.0,,281.0,,,,
18:46:22.784,-109155.0,,638.0,,,,
18:46:22.792,-108928.0,,2218.0,,,,
18:46:22.792,-108762.0,,649.0,,,,
18:46:22.800,-108627.0,,281.0,,,,
18:46:22.800,-108489.0,,635.0,,,,
18:46:22.808,-108358.0,,2219.0,,,,
18:46:22.808,-108287.0,,646.0,,,,
18:46:22.817,-108241.0,,280.0,,,,
18:46:22.825,-108180.0,,635.0,,,,
18:46:22.825,-108172.0,,2219.0,,,,
18:46:22.833,-108157.0,,647.0,,,,
18:46:22.833,-108168.0,,280.0,,,,
18:46:22.842,-108182.0,,637.0,,,,
18:46:22.842,-108189.0,,2220.0,,,,
18:46:22.850,-108206.0,,650.0,,,,
18:46:22.850,-108239.0,,280.0,,,,
18:46:22.858,-108274.0,,633.0,,,,
18:46:22.866,-108310.0,,2224.0,,,,
18:46:22.866,-108330.0,,637.0,,,,
18:46:22.875,-108382.0,,281.0,,,,
18:46:22.875,-108405.0,,635.0,,,,
18:46:22.883,-108433.0,,2232.0,,,,
18:46:22.883,-108473.0,,633.0,,,,
18:46:22.891,-108498.0,,279.0,,,,
18:46:22.891,-108508.0,,637.0,,,,
18:46:22.900,-108521.0,,2238.0,,,,
18:46:22.900,-108546.0,,617.0,,,,
18:46:22.908,-108566.0,,280.0,,,,
18:46:22.908,-108579.0,,652.0,,,,
18:46:22.917,-108603.0,,2265.0,,,,
18:46:22.917,-108629.0,,557.0,,,,
18:46:22.925,-108683.0,,283.0,,,,
18:46:22.933,-108697.0,,990.0,,,,
18:46:22.933,-108720.0,,2153.0,,,,
18:46:22.941,-108773.0,,202.0,,,,
18:46:22.941,-108812.0,,300.0,,,,
18:46:22.950,-108864.0,,1023.0,,,,
18:46:22.950,-108888.0,,2157.0,,,,
18:46:22.958,-108898.0,,200.0,,,,
18:46:22.958,-108969.0,,301.0,,,,
18:46:22.967,-109034.0,,1052.0,,,,
18:46:22.974,-109080.0,,2158.0,,,,
18:46:22.975,-109152.0,,202.0,,,,
18:46:22.983,-109171.0,,311.0,,,,
18:46:22.988,-109220.0,,1080.0,,,,
18:46:22.992,-109241.0,,2172.0,,,,
18:46:23.000,-109310.0,,187.0,,,,
18:46:23.008,-109344.0,,312.0,,,,
18:46:23.008,-109369.0,,1098.0,,,,
18:46:23.018,-109426.0,,2187.0,,,,
18:46:23.025,-109440.0,,191.0,,,,
18:46:23.033,-109476.0,,311.0,,,,
18:46:23.041,-109492.0,,1114.0,,,,
18:46:23.049,-109518.0,,2203.0,,,,
18:46:23.054,-109542.0,,186.0,,,,
18:46:23.059,-109545.0,,313.0,,,,
18:46:23.066,-109534.0,,1133.0,,,,
18:46:23.066,-109563.0,,2207.0,,,,
18:46:23.075,-109566.0,,174.0,,,,
18:46:23.082,-109576.0,,312.0,,,,
18:46:23.083,-109561.0,,1147.0,,,,
18:46:23.091,-109549.0,,2074.0,,,,
18:46:23.091,-109554.0,,175.0,,,,
18:46:23.100,-109540.0,,310.0,,,,
18:46:23.100,-109541.0,,1151.0,,,,
18:46:23.108,-109536.0,,2078.0,,,,
18:46:23.108,-109538.0,,174.0,,,,
18:46:23.117,-109549.0,,332.0,,,,
18:46:23.125,-109542.0,,1592.0,,,,
18:46:23.125,-109526.0,,1897.0,,,,
18:46:23.133,-109547.0,,188.0,,,,
18:46:23.133,-109544.0,,318.0,,,,
18:46:23.141,-109554.0,,1591.0,,,,
18:46:23.141,-109552.0,,1898.0,,,,
18:46:23.151,-109587.0,,199.0,,,,
18:46:23.151,-109595.0,,330.0,,,,
18:46:23.159,-109609.0,,1583.0,,,,
18:46:23.166,-109613.0,,1903.0,,,,
18:46:23.166,-109639.0,,189.0,,,,
18:46:23.175,-109660.0,,329.0,,,,
18:46:23.175,-109658.0,,1592.0,,,,
18:46:23.184,-109679.0,,1902.0,,,,
18:46:23.191,-109718.0,,188.0,,,,
18:46:23.191,-109739.0,,319.0,,,,
18:46:23.200,-109756.0,,1595.0,,,,
18:46:23.200,-109794.0,,1912.0,,,,
18:46:23.208,-109815.0,,185.0,,,,
18:46:23.208,-109855.0,,330.0,,,,
18:46:23.217,-109850.0,,1598.0,,,,
18:46:23.217,-109909.0,,1912.0,,,,
18:46:23.225,-109932.0,,189.0,,,,
18:46:23.225,-109932.0,,327.0,,,,
18:46:23.234,-109956.0,,1611.0,,,,
18:46:23.241,-110006.0,,1914.0,,,,
18:46:23.241,-110016.0,,189.0,,,,
18:46:23.249,-110049.0,,328.0,,,,
18:46:23.250,-110070.0,,1610.0,,,,
18:46:23.250,-110095.0,,1912.0,,,,
18:46:23.259,-110119.0,,186.0,,,,
18:46:23.266,-110150.0,,327.0,,,,
18:46:23.266,-110155.0,,1615.0,,,,
18:46:23.276,-110190.0,,1928.0,,,,
18:46:23.276,-110216.0,,248.0,,,,
18:46:23.283,-110245.0,,368.0,,,,
18:46:23.291,-110268.0,,2154.0,,,,
18:46:23.291,-110281.0,,1338.0,,,,
18:46:23.300,-110309.0,,237.0,,,,
18:46:23.300,-110351.0,,376.0,,,,
18:46:23.308,-110349.0,,2155.0,,,,
18:46:23.317,-110354.0,,1341.0,,,,
18:46:23.320,-110404.0,,237.0,,,,
18:46:23.325,-110437.0,,375.0,,,,
18:46:23.333,-110452.0,,2158.0,,,,
18:46:23.333,-110473.0,,1341.0,,,,
18:46:23.341,-110502.0,,235.0,,,,
18:46:23.347,-110516.0,,378.0,,,,
18:46:23.351,-110541.0,,2153.0,,,,
18:46:23.361,-110565.0,,1355.0,,,,
18:46:23.367,-110587.0,,233.0,,,,
18:46:23.371,-110605.0,,379.0,,,,
18:46:23.375,-110594.0,,2155.0,,,,
18:46:23.383,-110611.0,,1357.0,,,,
18:46:23.386,-110643.0,,236.0,,,,
18:46:23.392,-110656.0,,379.0,,,,
18:46:23.400,-110656.0,,2150.0,,,,
18:46:23.410,-110689.0,,1367.0,,,,
18:46:23.417,-110679.0,,234.0,,,,
18:46:23.417,-110684.0,,374.0,,,,
18:46:23.426,-110705.0,,2152.0,,,,
18:46:23.434,-110691.0,,1369.0,,,,
18:46:23.434,-110714.0,,232.0,,,,
18:46:23.444,-110721.0,,375.0,,,,
18:46:23.454,-110729.0,,2142.0,,,,
18:46:23.460,-110735.0,,1370.0,,,,
18:46:23.469,-110770.0,,233.0,,,,
18:46:23.476,-110757.0,,366.0,,,,
18:46:23.479,-110758.0,,2139.0,,,,
18:46:23.485,-110767.0,,859.0,,,,
18:46:23.492,-110784.0,,284.0,,,,
18:46:23.500,-110792.0,,510.0,,,,
18:46:23.508,-110793.0,,2559.0,,,,
18:46:23.517,-110806.0,,846.0,,,,
18:46:23.525,-110813.0,,280.0,,,,
18:46:23.533,-110801.0,,510.0,,,,
18:46:23.533,-110798.0,,2568.0,,,,
18:46:23.542,-110804.0,,858.0,,,,
18:46:23.542,-110804.0,,281.0,,,,
18:46:23.551,-110786.0,,508.0,,,,
18:46:23.557,-110745.0,,2557.0,,,,
18:46:23.559,-110690.0,,862.0,,,,
18:46:23.567,-110633.0,,283.0,,,,
18:46:23.567,-110551.0,,506.0,,,,
18:46:23.577,-110444.0,,2557.0,,,,
18:46:23.582,-110304.0,,871.0,,,,
18:46:23.586,-110117.0,,281.0,,,,
18:46:23.592,-109962.0,,496.0,,,,
18:46:23.597,-109807.0,,2557.0,,,,
18:46:23.604,-109655.0,,876.0,,,,
18:46:23.608,-109468.0,,279.0,,,,
18:46:23.613,-109256.0,,503.0,,,,
18:46:23.617,-109081.0,,2557.0,,,,
18:46:23.622,-108892.0,,878.0,,,,
18:46:23.625,-108766.0,,280.0,,,,
18:46:23.625,-108660.0,,493.0,,,,
18:46:23.635,-108532.0,,2555.0,,,,
18:46:23.639,-108472.0,,888.0,,,,
18:46:23.643,-108403.0,,278.0,,,,
18:46:23.647,-108367.0,,491.0,,,,
18:46:23.651,-108321.0,,2558.0,,,,
18:46:23.655,-108333.0,,890.0,,,,
18:46:23.661,-108342.0,,271.0,,,,
18:46:23.665,-108322.0,,490.0,,,,
18:46:23.670,-108344.0,,2557.0,,,,
18:46:23.674,-108347.0,,268.0,,,,
18:46:23.674,-108375.0,,300.0,,,,
18:46:23.683,-108372.0,,747.0,,,,
18:46:23.688,-108378.0,,2459.0,,,,
18:46:23.693,-108427.0,,252.0,,,,
18:46:23.697,-108448.0,,301.0,,,,
18:46:23.702,-108466.0,,734.0,,,,
18:46:23.708,-108472.0,,2457.0,,,,
18:46:23.714,-108514.0,,266.0,,,,
18:46:23.720,-108557.0,,303.0,,,,
18:46:23.726,-108563.0,,735.0,,,,
18:46:23.731,-108584.0,,2477.0,,,,
18:46:23.737,-108640.0,,279.0,,,,
18:46:23.743,-108667.0,,301.0,,,,
18:46:23.748,-108693.0,,734.0,,,,
18:46:23.754,-108724.0,,2475.0,,,,
18:46:23.760,-108757.0,,282.0,,,,
18:46:23.764,-108809.0,,302.0,,,,
18:46:23.770,-108842.0,,732.0,,,,
18:46:23.776,-108875.0,,2472.0,,,,
18:46:23.781,-108937.0,,284.0,,,,
18:46:23.787,-108950.0,,299.0,,,,
18:46:23.791,-109000.0,,732.0,,,,
18:46:23.791,-109018.0,,2474.0,,,,
18:46:23.799,-109065.0,,288.0,,,,
18:46:23.806,-109109.0,,299.0,,,,
18:46:23.806,-109147.0,,729.0,,,,
18:46:23.818,-109152.0,,2476.0,,,,
18:46:23.818,-109225.0,,297.0,,,,
18:46:23.822,-109243.0,,297.0,,,,
18:46:23.831,-109265.0,,728.0,,,,
18:46:23.836,-109285.0,,2475.0,,,,
18:46:23.840,-109316.0,,312.0,,,,
18:46:23.841,-109349.0,,297.0,,,,
18:46:23.841,-109348.0,,716.0,,,,
18:46:23.841,-109352.0,,2479.0,,,,
18:46:23.856,-109379.0,,169.0,,,,
18:46:23.865,-109379.0,,310.0,,,,
18:46:23.869,-109375.0,,1085.0,,,,
18:46:23.873,-109358.0,,2218.0,,,,
18:46:23.874,-109389.0,,167.0,,,,
18:46:23.874,-109367.0,,311.0,,,,
18:46:23.874,-109366.0,,1084.0,,,,
18:46:23.890,-109348.0,,2217.0,,,,
18:46:23.890,-109366.0,,156.0,,,,
18:46:23.890,-109351.0,,313.0,,,,
18:46:23.905,-109341.0,,1083.0,,,,
18:46:23.911,-109326.0,,2220.0,,,,
18:46:23.916,-109326.0,,167.0,,,,
18:46:23.920,-109322.0,,303.0,,,,
18:46:23.925,-109335.0,,1071.0,,,,
18:46:23.925,-109304.0,,360.0,,,,
18:46:23.925,-109280.0,,282.0,,,,
18:46:23.925,-109314.0,,345.0,,,,
18:46:23.943,-109316.0,,1515.0,,,,
18:46:23.947,-109310.0,,2207.0,,,,
18:46:23.951,-109327.0,,159.0,,,,
18:46:23.955,-109350.0,,312.0,,,,
18:46:23.960,-109353.0,,1065.0,,,,
18:46:23.964,-109336.0,,2233.0,,,,
18:46:23.969,-109382.0,,168.0,,,,
18:46:23.973,-109373.0,,300.0,,,,
18:46:23.979,-109392.0,,1055.0,,,,
18:46:23.984,-109393.0,,2233.0,,,,
18:46:23.989,-109421.0,,158.0,,,,
18:46:23.993,-109441.0,,302.0,,,,
18:46:23.998,-109444.0,,1040.0,,,,
18:46:24.002,-109449.0,,2236.0,,,,
18:46:24.007,-109484.0,,166.0,,,,
18:46:24.013,-109505.0,,301.0,,,,
18:46:24.019,-109515.0,,1048.0,,,,
18:46:24.024,-109527.0,,2007.0,,,,
18:46:24.028,-109541.0,,172.0,,,,
18:46:24.034,-109575.0,,318.0,,,,
18:46:24.039,-109578.0,,1499.0,,,,
18:46:24.042,-109597.0,,2010.0,,,,
18:46:24.049,-109620.0,,185.0,,,,
18:46:24.049,-109630.0,,317.0,,,,
18:46:24.058,-109653.0,,1496.0,,,,
18:46:24.058,-109677.0,,2009.0,,,,
18:46:24.058,-109708.0,,186.0,,,,
18:46:24.074,-109757.0,,318.0,,,,
18:46:24.074,-109765.0,,1485.0,,,,
18:46:24.083,-109769.0,,2014.0,,,,
18:46:24.083,-109816.0,,174.0,,,,
18:46:24.083,-109829.0,,316.0,,,,
18:46:24.099,-109842.0,,1485.0,,,,
18:46:24.099,-109882.0,,2014.0,,,,
18:46:24.108,-109922.0,,182.0,,,,
18:46:24.118,-109928.0,,317.0,,,,
18:46:24.118,-109939.0,,1484.0,,,,
18:46:24.133,-109963.0,,2012.0,,,,
18:46:24.141,-109995.0,,182.0,,,,
18:46:24.141,-110015.0,,314.0,,,,
18:46:24.149,-110011.0,,1480.0,,,,
18:46:24.149,-110033.0,,2014.0,,,,
18:46:24.161,-110059.0,,172.0,,,,
18:46:24.167,-110079.0,,314.0,,,,
18:46:24.169,-110090.0,,1472.0,,,,
18:46:24.178,-110106.0,,2013.0,,,,
18:46:24.184,-110140.0,,173.0,,,,
18:46:24.185,-110131.0,,316.0,,,,
18:46:24.193,-110157.0,,1468.0,,,,
18:46:24.193,-110182.0,,2014.0,,,,
18:46:24.201,-110199.0,,173.0,,,,
18:46:24.209,-110219.0,,315.0,,,,
18:46:24.209,-110233.0,,1470.0,,,,
18:46:24.219,-110231.0,,1642.0,,,,
18:46:24.219,-110279.0,,188.0,,,,
18:46:24.227,-110297.0,,345.0,,,,
18:46:24.227,-110301.0,,1903.0,,,,
18:46:24.235,-110304.0,,1644.0,,,,
18:46:24.242,-110354.0,,190.0,,,,
18:46:24.242,-110368.0,,348.0,,,,
18:46:24.252,-110392.0,,1901.0,,,,
18:46:24.259,-110394.0,,1656.0,,,,
18:46:24.259,-110446.0,,186.0,,,,
18:46:24.267,-110481.0,,346.0,,,,
18:46:24.275,-110486.0,,1902.0,,,,
18:46:24.276,-110519.0,,1756.0,,,,
18:46:24.284,-110543.0,,186.0,,,,
18:46:24.284,-110578.0,,349.0,,,,
18:46:24.292,-110590.0,,1916.0,,,,
18:46:24.292,-110617.0,,1802.0,,,,
18:46:24.299,-110653.0,,190.0,,,,
18:46:24.299,-110655.0,,347.0,,,,
18:46:24.299,-110673.0,,1918.0,,,,
18:46:24.319,-110697.0,,1805.0,,,,
18:46:24.319,-110722.0,,189.0,,,,
18:46:24.324,-110703.0,,348.0,,,,
18:46:24.334,-110676.0,,1917.0,,,,
18:46:24.334,-110655.0,,1816.0,,,,
18:46:24.342,-110635.0,,188.0,,,,
18:46:24.342,-110582.0,,342.0,,,,
18:46:24.351,-110489.0,,1902.0,,,,
18:46:24.358,-110398.0,,1822.0,,,,
18:46:24.359,-110243.0,,186.0,,,,
18:46:24.367,-110097.0,,347.0,,,,
18:46:24.369,-109919.0,,1912.0,,,,
18:46:24.376,-109741.0,,1835.0,,,,
18:46:24.376,-109558.0,,184.0,,,,
18:46:24.384,-109318.0,,344.0,,,,
18:46:24.392,-109079.0,,2543.0,,,,
18:46:24.392,-108887.0,,1194.0,,,,
18:46:24.400,-108711.0,,265.0,,,,
18:46:24.400,-108561.0,,414.0,,,,
18:46:24.410,-108410.0,,2525.0,,,,
18:46:24.413,-108328.0,,1196.0,,,,
18:46:24.419,-108258.0,,264.0,,,,
18:46:24.424,-108189.0,,412.0,,,,
18:46:24.426,-108164.0,,2524.0,,,,
18:46:24.434,-108149.0,,1198.0,,,,
18:46:24.434,-108136.0,,264.0,,,,
18:46:24.443,-108115.0,,411.0,,,,
18:46:24.443,-108083.0,,2523.0,,,,
18:46:24.451,-108122.0,,1210.0,,,,
18:46:24.459,-108122.0,,265.0,,,,
18:46:24.459,-108152.0,,409.0,,,,
18:46:24.466,-108150.0,,2503.0,,,,
18:46:24.466,-108172.0,,1224.0,,,,
18:46:24.476,-108202.0,,263.0,,,,
18:46:24.484,-108206.0,,408.0,,,,
18:46:24.485,-108212.0,,2502.0,,,,
18:46:24.493,-108226.0,,1224.0,,,,
18:46:24.501,-108252.0,,254.0,,,,
18:46:24.505,-108250.0,,408.0,,,,
18:46:24.511,-108240.0,,2489.0,,,,
18:46:24.515,-108278.0,,1225.0,,,,
18:46:24.519,-108303.0,,252.0,,,,
18:46:24.519,-108307.0,,408.0,,,,
18:46:24.519,-108295.0,,2491.0,,,,
18:46:24.535,-108315.0,,1240.0,,,,
18:46:24.542,-108339.0,,251.0,,,,
18:46:24.543,-108350.0,,408.0,,,,
18:46:24.552,-108363.0,,2490.0,,,,
18:46:24.558,-108373.0,,1240.0,,,,
18:46:24.560,-108398.0,,252.0,,,,
18:46:24.568,-108394.0,,397.0,,,,
18:46:24.576,-108409.0,,2713.0,,,,
18:46:24.576,-108446.0,,649.0,,,,
18:46:24.586,-108464.0,,300.0,,,,
18:46:24.600,-108477.0,,622.0,,,,
18:46:24.603,-108493.0,,2702.0,,,,
18:46:24.617,-108548.0,,651.0,,,,
18:46:24.626,-108554.0,,300.0,,,,
18:46:24.633,-108586.0,,623.0,,,,
18:46:24.633,-108608.0,,2713.0,,,,
18:46:24.633,-108681.0,,654.0,,,,
18:46:24.653,-108708.0,,299.0,,,,
18:46:24.659,-108722.0,,623.0,,,,
18:46:24.664,-108750.0,,2713.0,,,,
18:46:24.669,-108791.0,,668.0,,,,
18:46:24.676,-108824.0,,300.0,,,,
18:46:24.676,-108849.0,,619.0,,,,
18:46:24.686,-108860.0,,2713.0,,,,
18:46:24.692,-108895.0,,669.0,,,,
18:46:24.694,-108905.0,,297.0,,,,
18:46:24.702,-108908.0,,619.0,,,,
18:46:24.702,-108902.0,,2714.0,,,,
18:46:24.712,-108922.0,,671.0,,,,
18:46:24.719,-108938.0,,298.0,,,,
18:46:24.719,-108911.0,,620.0,,,,
18:46:24.727,-108906.0,,2713.0,,,,
18:46:24.734,-108932.0,,697.0,,,,
18:46:24.736,-108907.0,,287.0,,,,
18:46:24.742,-108905.0,,616.0,,,,
18:46:24.749,-108889.0,,2716.0,,,,
18:46:24.751,-108880.0,,702.0,,,,
18:46:24.759,-108889.0,,295.0,,,,
18:46:24.759,-108887.0,,614.0,,,,
18:46:24.766,-108887.0,29.40431279267763,614.0,92.34828496042218,-0.9327205592083114,-1.0204518746657032,0.0
18:46:24.783,-108878.0,,2717.0,,,,
18:46:24.783,-108885.0,,700.0,,,,
18:46:24.800,-108898.0,,295.0,,,,
18:46:24.808,-108915.0,,908.0,,,,
18:46:24.809,-108886.0,,2510.0,,,,
18:46:24.817,-108923.0,,156.0,,,,
18:46:24.819,-108919.0,,301.0,,,,
18:46:24.826,-108926.0,,907.0,,,,
18:46:24.826,-108945.0,,2520.0,,,,
18:46:24.833,-108947.0,,167.0,,,,
18:46:24.833,-108964.0,,302.0,,,,
18:46:24.842,-108969.0,,907.0,,,,
18:46:24.850,-108997.0,,2521.0,,,,
18:46:24.850,-109021.0,,157.0,,,,
18:46:24.860,-109020.0,,301.0,,,,
18:46:24.861,-109045.0,,892.0,,,,
18:46:24.868,-109061.0,,2520.0,,,,
18:46:24.876,-109081.0,,168.0,,,,
18:46:24.879,-109116.0,,300.0,,,,
18:46:24.885,-109137.0,,891.0,,,,
18:46:24.890,-109155.0,,2522.0,,,,
18:46:24.895,-109177.0,,157.0,,,,
18:46:24.898,-109202.0,,302.0,,,,
18:46:24.903,-109235.0,,893.0,,,,
18:46:24.907,-109254.0,,2537.0,,,,
18:46:24.912,-109273.0,,166.0,,,,
18:46:24.916,-109314.0,,301.0,,,,
18:46:24.919,-109308.0,,891.0,,,,
18:46:24.925,-109314.0,,2528.0,,,,
18:46:24.929,-109362.0,,168.0,,,,
18:46:24.933,-109394.0,,301.0,,,,
18:46:24.938,-109407.0,,888.0,,,,
18:46:24.943,-109412.0,,2538.0,,,,
18:46:24.948,-109436.0,,158.0,,,,
18:46:24.953,-109455.0,,300.0,,,,
18:46:24.957,-109472.0,,878.0,,,,
18:46:24.962,-109493.0,,2537.0,,,,
18:46:24.966,-109505.0,,169.0,,,,
18:46:24.971,-109529.0,,317.0,,,,
18:46:24.976,-109560.0,,1337.0,,,,
18:46:24.980,-109562.0,,2271.0,,,,
18:46:24.985,-109585.0,,171.0,,,,
18:46:24.989,-109611.0,,316.0,,,,
18:46:24.991,-109632.0,,1334.0,,,,
18:46:24.998,-109631.0,,2270.0,,,,
18:46:25.002,-109663.0,,158.0,,,,
18:46:25.008,-109674.0,,314.0,,,,
18:46:25.014,-109717.0,,1325.0,,,,
18:46:25.019,-109713.0,,2280.0,,,,
18:46:25.029,-109756.0,,168.0,,,,
18:46:25.033,-109780.0,,315.0,,,,
18:46:25.040,-109797.0,,1324.0,,,,
18:46:25.045,-109810.0,,2270.0,,,,
18:46:25.053,-109844.0,,170.0,,,,
18:46:25.060,-109861.0,,317.0,,,,
18:46:25.066,-109863.0,,1322.0,,,,
18:46:25.074,-109870.0,,2268.0,,,,
18:46:25.078,-109927.0,,168.0,,,,
18:46:25.082,-109940.0,,318.0,,,,
18:46:25.082,-109936.0,,1321.0,,,,
18:46:25.082,-109950.0,,2285.0,,,,
18:46:25.098,-109958.0,,171.0,,,,
18:46:25.098,-109961.0,,316.0,,,,
18:46:25.098,-109971.0,,1311.0,,,,
18:46:25.111,-109961.0,,2283.0,,,,
18:46:25.113,-109969.0,,169.0,,,,
18:46:25.119,-109964.0,,314.0,,,,
18:46:25.119,-109955.0,,1309.0,,,,
18:46:25.129,-109954.0,,2285.0,,,,
18:46:25.129,-109980.0,,167.0,,,,
18:46:25.129,-109975.0,,312.0,,,,
18:46:25.129,-109967.0,,1307.0,,,,
18:46:25.145,-109966.0,,2287.0,,,,
18:46:25.145,-109978.0,,184.0,,,,
18:46:25.145,-109964.0,,330.0,,,,
18:46:25.145,-109967.0,,1774.0,,,,
18:46:25.161,-109944.0,,2062.0,,,,
18:46:25.161,-109969.0,,185.0,,,,
18:46:25.161,-109962.0,,330.0,,,,
18:46:25.178,-109979.0,,1774.0,,,,
18:46:25.183,-109961.0,,2073.0,,,,
18:46:25.188,-109978.0,,186.0,,,,
18:46:25.193,-109970.0,,332.0,,,,
18:46:25.198,-109954.0,,1776.0,,,,
18:46:25.203,-109937.0,,2064.0,,,,
18:46:25.207,-109887.0,,175.0,,,,
18:46:25.211,-109807.0,,332.0,,,,
18:46:25.216,-109707.0,,1774.0,,,,
18:46:25.220,-109606.0,,2077.0,,,,
18:46:25.225,-109471.0,,181.0,,,,
18:46:25.230,-109284.0,,332.0,,,,
18:46:25.235,-109090.0,,1769.0,,,,
18:46:25.240,-108855.0,,2074.0,,,,
18:46:25.245,-108661.0,,184.0,,,,
18:46:25.249,-108469.0,,333.0,,,,
18:46:25.252,-108280.0,,1755.0,,,,
18:46:25.259,-108173.0,,1932.0,,,,
18:46:25.265,-108086.0,,183.0,,,,
18:46:25.270,-107988.0,,332.0,,,,
18:46:25.275,-107919.0,,1755.0,,,,
18:46:25.280,-107867.0,,1930.0,,,,
18:46:25.285,-107838.0,,183.0,,,,
18:46:25.288,-107791.0,,332.0,,,,
18:46:25.294,-107765.0,,1754.0,,,,
18:46:25.301,-107741.0,,1934.0,,,,
18:46:25.301,-107764.0,,184.0,,,,
18:46:25.310,-107727.0,,329.0,,,,
18:46:25.310,-107737.0,,1742.0,,,,
18:46:25.320,-107721.0,,1934.0,,,,
18:46:25.325,-107745.0,,237.0,,,,
18:46:25.326,-107748.0,,379.0,,,,
18:46:25.335,-107740.0,,2268.0,,,,
18:46:25.335,-107752.0,,1310.0,,,,
18:46:25.343,-107785.0,,237.0,,,,
18:46:25.343,-107800.0,,381.0,,,,
18:46:25.351,-107792.0,,2270.0,,,,
18:46:25.358,-107825.0,,1311.0,,,,
18:46:25.359,-107844.0,,234.0,,,,
18:46:25.368,-107865.0,,381.0,,,,
18:46:25.368,-107876.0,,2264.0,,,,
18:46:25.377,-107901.0,,1323.0,,,,
18:46:25.383,-107902.0,,231.0,,,,
18:46:25.383,-107929.0,,381.0,,,,
18:46:25.391,-107956.0,,2263.0,,,,
18:46:25.391,-107973.0,,1323.0,,,,
18:46:25.401,-107988.0,,234.0,,,,
18:46:25.401,-108008.0,,380.0,,,,
18:46:25.409,-108032.0,,2252.0,,,,
18:46:25.409,-108037.0,,1337.0,,,,
18:46:25.420,-108072.0,,234.0,,,,
18:46:25.425,-108056.0,,379.0,,,,
18:46:25.427,-108069.0,,2250.0,,,,
18:46:25.435,-108085.0,,1338.0,,,,
18:46:25.435,-108117.0,,231.0,,,,
18:46:25.445,-108140.0,,381.0,,,,
18:46:25.450,-108160.0,,2252.0,,,,
18:46:25.450,-108183.0,,1341.0,,,,
18:46:25.458,-108221.0,,232.0,,,,
18:46:25.467,-108241.0,,379.0,,,,
18:46:25.467,-108255.0,,2234.0,,,,
18:46:25.475,-108311.0,,1352.0,,,,
18:46:25.483,-108364.0,,222.0,,,,
18:46:25.483,-108381.0,,367.0,,,,
18:46:25.492,-108400.0,,2235.0,,,,
18:46:25.492,-108416.0,,797.0,,,,
18:46:25.500,-108457.0,,279.0,,,,
18:46:25.508,-108444.0,,524.0,,,,
18:46:25.508,-108456.0,,2635.0,,,,
18:46:25.516,-108463.0,,793.0,,,,
18:46:25.520,-108498.0,,280.0,,,,
18:46:25.525,-108468.0,,537.0,,,,
18:46:25.525,-108447.0,,2727.0,,,,
18:46:25.533,-108445.0,,904.0,,,,
18:46:25.542,-108471.0,,279.0,,,,
18:46:25.542,-108459.0,,525.0,,,,
18:46:25.550,-108438.0,,2761.0,,,,
18:46:25.550,-108438.0,,905.0,,,,
18:46:25.558,-108447.0,,270.0,,,,
18:46:25.568,-108454.0,,524.0,,,,
18:46:25.568,-108446.0,,2760.0,,,,
18:46:25.576,-108453.0,,918.0,,,,
18:46:25.583,-108468.0,,280.0,,,,
18:46:25.589,-108468.0,,525.0,,,,
18:46:25.593,-108451.0,,2760.0,,,,
18:46:25.593,-108477.0,,921.0,,,,
18:46:25.603,-108482.0,,281.0,,,,
18:46:25.608,-108495.0,,524.0,,,,
18:46:25.608,-108467.0,,2761.0,,,,
18:46:25.616,-108482.0,,923.0,,,,
18:46:25.620,-108492.0,,270.0,,,,
18:46:25.625,-108501.0,,521.0,,,,
18:46:25.625,-108498.0,,2748.0,,,,
18:46:25.633,-108512.0,,923.0,,,,
18:46:25.633,-108525.0,,267.0,,,,
18:46:25.642,-108542.0,,510.0,,,,
18:46:25.642,-108531.0,,2746.0,,,,
18:46:25.651,-108561.0,,936.0,,,,
18:46:25.659,-108596.0,,271.0,,,,
18:46:25.659,-108599.0,,506.0,,,,
18:46:25.669,-108613.0,,2633.0,,,,
18:46:25.671,-108643.0,,236.0,,,,
18:46:25.675,-108691.0,,300.0,,,,
18:46:25.683,-108669.0,,781.0,,,,
18:46:25.683,-108687.0,,2632.0,,,,
18:46:25.692,-108703.0,,234.0,,,,
18:46:25.699,-108724.0,,301.0,,,,
18:46:25.700,-108738.0,,783.0,,,,
18:46:25.708,-108740.0,,2631.0,,,,
18:46:25.708,-108786.0,,236.0,,,,
18:46:25.716,-108803.0,,301.0,,,,
18:46:25.720,-108822.0,,791.0,,,,
18:46:25.725,-108854.0,,2622.0,,,,
18:46:25.725,-108878.0,,240.0,,,,
18:46:25.733,-108901.0,,299.0,,,,
18:46:25.733,-108923.0,,781.0,,,,
18:46:25.742,-108932.0,,2634.0,,,,
18:46:25.742,-108973.0,,253.0,,,,
18:46:25.751,-108982.0,,298.0,,,,
18:46:25.751,-109026.0,,778.0,,,,
18:46:25.759,-109019.0,,2633.0,,,,
18:46:25.759,-109047.0,,253.0,,,,
18:46:25.767,-109045.0,,299.0,,,,
18:46:25.775,-109059.0,,778.0,,,,
18:46:25.775,-109054.0,,2623.0,,,,
18:46:25.783,-109076.0,,266.0,,,,
18:46:25.783,-109089.0,,300.0,,,,
18:46:25.792,-109094.0,,777.0,,,,
18:46:25.800,-109090.0,,2633.0,,,,
18:46:25.800,-109118.0,,264.0,,,,
18:46:25.808,-109134.0,,298.0,,,,
18:46:25.808,-109141.0,,776.0,,,,
18:46:25.817,-109140.0,,2637.0,,,,
18:46:25.820,-109177.0,,268.0,,,,
18:46:25.825,-109190.0,,299.0,,,,
18:46:25.825,-109183.0,,1182.0,,,,
18:46:25.834,-109193.0,,2368.0,,,,
18:46:25.834,-109230.0,,157.0,,,,
18:46:25.842,-109248.0,,304.0,,,,
18:46:25.850,-109241.0,,1180.0,,,,
18:46:25.858,-109243.0,,2374.0,,,,
18:46:25.866,-109270.0,,157.0,,,,
18:46:25.866,-109267.0,,310.0,,,,
18:46:25.875,-109271.0,,1179.0,,,,
18:46:25.884,-109295.0,,2376.0,,,,
18:46:25.892,-109337.0,,168.0,,,,
18:46:25.900,-109338.0,,312.0,,,,
18:46:25.908,-109332.0,,1176.0,,,,
18:46:25.917,-109334.0,,2376.0,,,,
18:46:25.922,-109361.0,,159.0,,,,
18:46:25.925,-109405.0,,312.0,,,,
18:46:25.925,-109407.0,,1177.0,,,,
18:46:25.933,-109423.0,,2364.0,,,,
18:46:25.942,-109457.0,,156.0,,,,
18:46:25.942,-109465.0,,313.0,,,,
18:46:25.950,-109480.0,,1177.0,,,,
18:46:25.950,-109496.0,,2376.0,,,,
18:46:25.959,-109518.0,,156.0,,,,
18:46:25.962,-109548.0,,314.0,,,,
18:46:25.968,-109541.0,,1175.0,,,,
18:46:25.968,-109532.0,,312.0,,,,
18:46:25.975,-109588.0,,283.0,,,,
18:46:25.983,-109572.0,,350.0,,,,
18:46:25.983,-109602.0,,1641.0,,,,
18:46:25.992,-109587.0,,2348.0,,,,
18:46:26.000,-109617.0,,159.0,,,,
18:46:26.000,-109600.0,,304.0,,,,
18:46:26.008,-109585.0,,1162.0,,,,
18:46:26.017,-109545.0,,2379.0,,,,
18:46:26.020,-109506.0,,157.0,,,,
18:46:26.026,-109415.0,,301.0,,,,
18:46:26.035,-109296.0,,1631.0,,,,
18:46:26.035,-109162.0,,2137.0,,,,
18:46:26.046,-109003.0,,183.0,,,,
18:46:26.050,-108818.0,,328.0,,,,
18:46:26.055,-108607.0,,1639.0,,,,
18:46:26.061,-108417.0,,2136.0,,,,
18:46:26.062,-108244.0,,185.0,,,,
18:46:26.068,-108116.0,,328.0,,,,
18:46:26.075,-107971.0,,1631.0,,,,
18:46:26.083,-107902.0,,2142.0,,,,
18:46:26.083,-107831.0,,171.0,,,,
18:46:26.092,-107750.0,,326.0,,,,
18:46:26.092,-107713.0,,1639.0,,,,
18:46:26.100,-107681.0,,2141.0,,,,
18:46:26.109,-107687.0,,183.0,,,,
18:46:26.117,-107655.0,,330.0,,,,
18:46:26.126,-107635.0,,1625.0,,,,
18:46:26.134,-107611.0,,2139.0,,,,
18:46:26.134,-107633.0,,184.0,,,,
18:46:26.145,-107621.0,,328.0,,,,
18:46:26.150,-107633.0,,1623.0,,,,
18:46:26.154,-107637.0,,2137.0,,,,
18:46:26.158,-107646.0,,174.0,,,,
18:46:26.163,-107657.0,,329.0,,,,
18:46:26.168,-107658.0,,1612.0,,,,
18:46:26.172,-107658.0,,2150.0,,,,
18:46:26.177,-107688.0,,185.0,,,,
18:46:26.182,-107705.0,,328.0,,,,
18:46:26.187,-107716.0,,1613.0,,,,
18:46:26.192,-107715.0,,2142.0,,,,
18:46:26.197,-107753.0,,174.0,,,,
18:46:26.202,-107750.0,,317.0,,,,
18:46:26.206,-107760.0,,1607.0,,,,
18:46:26.211,-107779.0,,2143.0,,,,
18:46:26.216,-107799.0,,173.0,,,,
18:46:26.220,-107808.0,,366.0,,,,
18:46:26.224,-107814.0,,2107.0,,,,
18:46:26.224,-107805.0,,1654.0,,,,
18:46:26.224,-107837.0,,190.0,,,,
18:46:26.224,-107838.0,,349.0,,,,
18:46:26.240,-107830.0,,2104.0,,,,
18:46:26.240,-107838.0,,1642.0,,,,
18:46:26.240,-107852.0,,201.0,,,,
18:46:26.255,-107881.0,,358.0,,,,
18:46:26.255,-107896.0,,2094.0,,,,
18:46:26.255,-107915.0,,1657.0,,,,
18:46:26.255,-107920.0,,191.0,,,,
18:46:26.271,-107948.0,,361.0,,,,
18:46:26.271,-107957.0,,2089.0,,,,
18:46:26.271,-107991.0,,1659.0,,,,
18:46:26.287,-108025.0,,188.0,,,,
18:46:26.287,-108043.0,,360.0,,,,
18:46:26.287,-108034.0,,2090.0,,,,
18:46:26.287,-108078.0,,1657.0,,,,
18:46:26.303,-108094.0,,188.0,,,,
18:46:26.303,-108128.0,,349.0,,,,
18:46:26.303,-108112.0,,2088.0,,,,
18:46:26.303,-108133.0,,1657.0,,,,
18:46:26.320,-108161.0,,200.0,,,,
18:46:26.320,-108163.0,,350.0,,,,
18:46:26.329,-108176.0,,2079.0,,,,
18:46:26.335,-108180.0,,1673.0,,,,
18:46:26.335,-108188.0,,188.0,,,,
18:46:26.335,-108173.0,,359.0,,,,
18:46:26.335,-108178.0,,2076.0,,,,
18:46:26.351,-108179.0,,1673.0,,,,
18:46:26.351,-108193.0,,189.0,,,,
18:46:26.351,-108198.0,,345.0,,,,
18:46:26.367,-108172.0,,2064.0,,,,
18:46:26.367,-108190.0,,1676.0,,,,
18:46:26.367,-108176.0,,270.0,,,,
18:46:26.377,-108172.0,,457.0,,,,
18:46:26.382,-108155.0,,2668.0,,,,
18:46:26.382,-108149.0,,1051.0,,,,
18:46:26.382,-108157.0,,264.0,,,,
18:46:26.398,-108159.0,,444.0,,,,
18:46:26.398,-108133.0,,2670.0,,,,
18:46:26.398,-108142.0,,1056.0,,,,
18:46:26.398,-108150.0,,268.0,,,,
18:46:26.414,-108181.0,,456.0,,,,
18:46:26.420,-108178.0,,2671.0,,,,
18:46:26.420,-108178.0,,1070.0,,,,
18:46:26.420,-108195.0,,268.0,,,,
18:46:26.430,-108206.0,,458.0,,,,
18:46:26.430,-108238.0,,2671.0,,,,
18:46:26.430,-108267.0,,1067.0,,,,
18:46:26.446,-108274.0,,266.0,,,,
18:46:26.446,-108299.0,,456.0,,,,
18:46:26.446,-108312.0,,2669.0,,,,
18:46:26.446,-108336.0,,1078.0,,,,
18:46:26.462,-108352.0,,267.0,,,,
18:46:26.462,-108371.0,,456.0,,,,
18:46:26.462,-108391.0,,2664.0,,,,
18:46:26.478,-108408.0,,1067.0,,,,
18:46:26.483,-108419.0,,268.0,,,,
18:46:26.483,-108429.0,,456.0,,,,
18:46:26.483,-108452.0,,2665.0,,,,
18:46:26.497,-108470.0,,1081.0,,,,
18:46:26.502,-108506.0,,262.0,,,,
18:46:26.505,-108505.0,,456.0,,,,
18:46:26.510,-108517.0,,2655.0,,,,
18:46:26.514,-108544.0,,1080.0,,,,
18:46:26.519,-108567.0,,254.0,,,,
18:46:26.523,-108580.0,,454.0,,,,
18:46:26.528,-108609.0,,2663.0,,,,
18:46:26.534,-108637.0,,431.0,,,,
18:46:26.539,-108666.0,,298.0,,,,
18:46:26.544,-108664.0,,712.0,,,,
18:46:26.549,-108672.0,,2670.0,,,,
18:46:26.553,-108709.0,,424.0,,,,
18:46:26.557,-108719.0,,297.0,,,,
18:46:26.562,-108738.0,,703.0,,,,
18:46:26.569,-108739.0,,2670.0,,,,
18:46:26.569,-108757.0,,428.0,,,,
18:46:26.576,-108780.0,,296.0,,,,
18:46:26.583,-108827.0,,700.0,,,,
18:46:26.584,-108817.0,,2687.0,,,,
18:46:26.593,-108842.0,,426.0,,,,
18:46:26.593,-108867.0,,297.0,,,,
18:46:26.601,-108866.0,,699.0,,,,
18:46:26.608,-108890.0,,2681.0,,,,
18:46:26.608,-108936.0,,429.0,,,,
18:46:26.617,-108934.0,,300.0,,,,
18:46:26.620,-108960.0,,700.0,,,,
18:46:26.625,-108962.0,,2685.0,,,,
18:46:26.625,-108998.0,,430.0,,,,
18:46:26.633,-109010.0,,300.0,,,,
18:46:26.633,-109030.0,,700.0,,,,
18:46:26.642,-109036.0,,2682.0,,,,
18:46:26.650,-109057.0,,444.0,,,,
18:46:26.650,-109063.0,,296.0,,,,
18:46:26.660,-109081.0,,702.0,,,,
18:46:26.665,-109086.0,,2686.0,,,,
18:46:26.667,-109112.0,,443.0,,,,
18:46:26.667,-109108.0,,297.0,,,,
18:46:26.676,-109106.0,,698.0,,,,
18:46:26.683,-109105.0,,2683.0,,,,
18:46:26.686,-109131.0,,448.0,,,,
18:46:26.692,-109156.0,,296.0,,,,
18:46:26.692,-109136.0,,699.0,,,,
18:46:26.700,-109136.0,,2444.0,,,,
18:46:26.708,-109176.0,,167.0,,,,
18:46:26.708,-109165.0,,309.0,,,,
18:46:26.716,-109183.0,,1052.0,,,,
18:46:26.720,-109155.0,,2431.0,,,,
18:46:26.725,-109180.0,,156.0,,,,
18:46:26.725,-109181.0,,300.0,,,,
18:46:26.733,-109196.0,,1054.0,,,,
18:46:26.742,-109194.0,,2440.0,,,,
18:46:26.743,-109228.0,,157.0,,,,
18:46:26.751,-109267.0,,302.0,,,,
18:46:26.751,-109239.0,,1053.0,,,,
18:46:26.758,-109248.0,,2431.0,,,,
18:46:26.766,-109297.0,,157.0,,,,
18:46:26.771,-109309.0,,301.0,,,,
18:46:26.776,-109310.0,,1051.0,,,,
18:46:26.781,-109334.0,,2440.0,,,,
18:46:26.786,-109347.0,,157.0,,,,
18:46:26.792,-109353.0,,312.0,,,,
18:46:26.792,-109331.0,,1052.0,,,,
18:46:26.802,-109301.0,,2430.0,,,,
18:46:26.808,-109319.0,,159.0,,,,
18:46:26.812,-109254.0,,302.0,,,,
18:46:26.817,-109153.0,,1049.0,,,,
18:46:26.820,-109039.0,,2429.0,,,,
18:46:26.826,-108939.0,,156.0,,,,
18:46:26.826,-108771.0,,310.0,,,,
18:46:26.835,-108628.0,,1040.0,,,,
18:46:26.841,-108438.0,,2430.0,,,,
18:46:26.843,-108267.0,,155.0,,,,
18:46:26.851,-108106.0,,301.0,,,,
18:46:26.851,-107989.0,,1037.0,,,,
18:46:26.860,-107868.0,,2441.0,,,,
18:46:26.860,-107788.0,,168.0,,,,
18:46:26.868,-107695.0,,298.0,,,,
18:46:26.874,-107623.0,,1514.0,,,,
18:46:26.876,-107563.0,,2200.0,,,,
18:46:26.885,-107538.0,,183.0,,,,
18:46:26.895,-107507.0,,318.0,,,,
18:46:26.901,-107463.0,,1515.0,,,,
18:46:26.909,-107447.0,,2198.0,,,,
18:46:26.917,-107433.0,,173.0,,,,
18:46:26.925,-107404.0,,314.0,,,,
18:46:26.934,-107415.0,,1514.0,,,,
18:46:26.934,-107412.0,,2198.0,,,,
18:46:26.942,-107447.0,,170.0,,,,
18:46:26.942,-107449.0,,319.0,,,,
18:46:26.951,-107449.0,,1512.0,,,,
18:46:26.959,-107458.0,,2200.0,,,,
18:46:26.959,-107484.0,,175.0,,,,
18:46:26.967,-107507.0,,326.0,,,,
18:46:26.967,-107528.0,,1515.0,,,,
18:46:26.977,-107549.0,,2199.0,,,,
18:46:26.982,-107573.0,,174.0,,,,
18:46:26.987,-107557.0,,317.0,,,,
18:46:26.992,-107596.0,,1515.0,,,,
18:46:26.996,-107615.0,,2202.0,,,,
18:46:27.001,-107624.0,,174.0,,,,
18:46:27.001,-107651.0,,318.0,,,,
18:46:27.011,-107648.0,,1511.0,,,,
18:46:27.017,-107674.0,,2202.0,,,,
18:46:27.020,-107705.0,,176.0,,,,
18:46:27.027,-107706.0,,314.0,,,,
18:46:27.035,-107714.0,,1502.0,,,,
18:46:27.035,-107722.0,,2202.0,,,,
18:46:27.044,-107752.0,,176.0,,,,
18:46:27.052,-107766.0,,316.0,,,,
18:46:27.052,-107778.0,,1503.0,,,,
18:46:27.061,-107802.0,,2201.0,,,,
18:46:27.067,-107826.0,,175.0,,,,
18:46:27.069,-107839.0,,352.0,,,,
18:46:27.078,-107852.0,,1977.0,,,,
18:46:27.083,-107888.0,,1791.0,,,,
18:46:27.086,-107914.0,,191.0,,,,
18:46:27.095,-107934.0,,346.0,,,,
18:46:27.102,-107965.0,,1960.0,,,,
18:46:27.108,-107976.0,,1800.0,,,,
18:46:27.110,-108012.0,,188.0,,,,
18:46:27.116,-108036.0,,346.0,,,,
18:46:27.120,-108084.0,,1963.0,,,,
18:46:27.125,-108100.0,,1802.0,,,,
18:46:27.125,-108113.0,,190.0,,,,
18:46:27.133,-108114.0,,349.0,,,,
18:46:27.133,-108130.0,,1961.0,,,,
18:46:27.142,-108149.0,,1790.0,,,,
18:46:27.142,-108188.0,,189.0,,,,
18:46:27.151,-108178.0,,350.0,,,,
18:46:27.151,-108180.0,,1961.0,,,,
18:46:27.159,-108192.0,,1802.0,,,,
18:46:27.167,-108202.0,,190.0,,,,
18:46:27.171,-108183.0,,348.0,,,,
18:46:27.175,-108175.0,,1960.0,,,,
18:46:27.175,-108189.0,,1804.0,,,,
18:46:27.183,-108177.0,,191.0,,,,
18:46:27.183,-108163.0,,348.0,,,,
18:46:27.192,-108153.0,,1951.0,,,,
18:46:27.200,-108157.0,,1816.0,,,,
18:46:27.200,-108156.0,,188.0,,,,
18:46:27.209,-108169.0,,346.0,,,,
18:46:27.209,-108140.0,,1950.0,,,,
18:46:27.217,-108150.0,,1815.0,,,,
18:46:27.220,-108155.0,,186.0,,,,
18:46:27.225,-108137.0,,346.0,,,,
18:46:27.225,-108135.0,,1948.0,,,,
18:46:27.234,-108133.0,,1816.0,,,,
18:46:27.241,-108150.0,,265.0,,,,
18:46:27.245,-108152.0,,426.0,,,,
18:46:27.250,-108149.0,,2585.0,,,,
18:46:27.254,-108150.0,,1166.0,,,,
18:46:27.258,-108170.0,,265.0,,,,
18:46:27.267,-108198.0,,424.0,,,,
18:46:27.267,-108193.0,,2571.0,,,,
18:46:27.276,-108190.0,,1166.0,,,,
18:46:27.281,-108203.0,,265.0,,,,
18:46:27.286,-108248.0,,425.0,,,,
18:46:27.293,-108271.0,,2570.0,,,,
18:46:27.294,-108292.0,,1166.0,,,,
18:46:27.300,-108316.0,,264.0,,,,
18:46:27.309,-108341.0,,425.0,,,,
18:46:27.309,-108376.0,,2572.0,,,,
18:46:27.321,-108402.0,,1165.0,,,,
18:46:27.325,-108442.0,,266.0,,,,
18:46:27.325,-108457.0,,425.0,,,,
18:46:27.334,-108472.0,,2572.0,,,,
18:46:27.342,-108516.0,,1177.0,,,,
18:46:27.349,-108560.0,,264.0,,,,
18:46:27.351,-108570.0,,425.0,,,,
18:46:27.359,-108575.0,,2569.0,,,,
18:46:27.359,-108631.0,,1177.0,,,,
18:46:27.370,-108631.0,,263.0,,,,
18:46:27.374,-108650.0,,425.0,,,,
18:46:27.379,-108663.0,,2560.0,,,,
18:46:27.383,-108691.0,,1179.0,,,,
18:46:27.387,-108731.0,,254.0,,,,
18:46:27.392,-108738.0,,424.0,,,,
18:46:27.396,-108750.0,,2559.0,,,,
18:46:27.399,-108758.0,,1180.0,,,,
18:46:27.399,-108821.0,,263.0,,,,
18:46:27.410,-108832.0,,424.0,,,,
18:46:27.415,-108835.0,,2558.0,,,,
18:46:27.421,-108891.0,,571.0,,,,
18:46:27.424,-108916.0,,296.0,,,,
18:46:27.424,-108928.0,,654.0,,,,
18:46:27.435,-108948.0,,2701.0,,,,
18:46:27.440,-108960.0,,555.0,,,,
18:46:27.444,-108996.0,,299.0,,,,
18:46:27.448,-109012.0,,664.0,,,,
18:46:27.453,-109024.0,,2711.0,,,,
18:46:27.457,-109062.0,,555.0,,,,
18:46:27.463,-109079.0,,297.0,,,,
18:46:27.466,-109120.0,,653.0,,,,
18:46:27.466,-109130.0,,2714.0,,,,
18:46:27.477,-109145.0,,558.0,,,,
18:46:27.482,-109179.0,,296.0,,,,
18:46:27.485,-109177.0,,655.0,,,,
18:46:27.489,-109203.0,,2712.0,,,,
18:46:27.494,-109236.0,,556.0,,,,
18:46:27.498,-109255.0,,297.0,,,,
18:46:27.500,-109261.0,,650.0,,,,
18:46:27.510,-109250.0,,2712.0,,,,
18:46:27.515,-109288.0,,568.0,,,,
18:46:27.521,-109299.0,,296.0,,,,
18:46:27.525,-109302.0,,663.0,,,,
18:46:27.529,-109303.0,,2701.0,,,,
18:46:27.535,-109322.0,,568.0,,,,
18:46:27.539,-109325.0,,287.0,,,,
18:46:27.544,-109330.0,,654.0,,,,
18:46:27.548,-109329.0,,2712.0,,,,
18:46:27.553,-109367.0,,571.0,,,,
18:46:27.556,-109347.0,,296.0,,,,
18:46:27.561,-109371.0,,653.0,,,,
18:46:27.568,-109373.0,,2702.0,,,,
18:46:27.572,-109405.0,,572.0,,,,
18:46:27.576,-109441.0,,295.0,,,,
18:46:27.581,-109438.0,,652.0,,,,
18:46:27.583,-109459.0,,2701.0,,,,
18:46:27.583,-109475.0,,166.0,,,,
18:46:27.595,-109502.0,,301.0,,,,
18:46:27.600,-109510.0,,985.0,,,,
18:46:27.604,-109510.0,,2474.0,,,,
18:46:27.610,-109551.0,,154.0,,,,
18:46:27.614,-109561.0,,299.0,,,,
18:46:27.616,-109572.0,,987.0,,,,
18:46:27.620,-109583.0,,2473.0,,,,
18:46:27.627,-109586.0,,167.0,,,,
18:46:27.632,-109593.0,,303.0,,,,
18:46:27.637,-109591.0,,983.0,,,,
18:46:27.641,-109535.0,,2473.0,,,,
18:46:27.644,-109496.0,,158.0,,,,
18:46:27.648,-109421.0,,303.0,,,,
18:46:27.654,-109310.0,,975.0,,,,
18:46:27.658,-109153.0,,2473.0,,,,
18:46:27.662,-109029.0,,158.0,,,,
18:46:27.667,-108831.0,,302.0,,,,
18:46:27.672,-108646.0,,975.0,,,,
18:46:27.677,-108435.0,,2474.0,,,,
18:46:27.681,-108277.0,,157.0,,,,
18:46:27.687,-108139.0,,302.0,,,,
18:46:27.692,-108014.0,,975.0,,,,
18:46:27.695,-107890.0,,2472.0,,,,
18:46:27.702,-107854.0,,157.0,,,,
18:46:27.708,-107780.0,,302.0,,,,
18:46:27.712,-107728.0,,984.0,,,,
18:46:27.717,-107683.0,,2472.0,,,,
18:46:27.720,-107675.0,,156.0,,,,
18:46:27.726,-107658.0,,301.0,,,,
18:46:27.731,-107629.0,,984.0,,,,
18:46:27.735,-107620.0,,2476.0,,,,
18:46:27.739,-107638.0,,158.0,,,,
18:46:27.744,-107630.0,,300.0,,,,
18:46:27.749,-107652.0,,975.0,,,,
18:46:27.753,-107658.0,,2232.0,,,,
18:46:27.760,-107672.0,,174.0,,,,
18:46:27.764,-107688.0,,316.0,,,,
18:46:27.770,-107700.0,,1450.0,,,,
18:46:27.776,-107717.0,,2221.0,,,,
18:46:27.781,-107748.0,,174.0,,,,
18:46:27.785,-107762.0,,317.0,,,,
18:46:27.789,-107780.0,,1451.0,,,,
18:46:27.792,-107810.0,,2222.0,,,,
18:46:27.796,-107853.0,,173.0,,,,
18:46:27.801,-107866.0,,318.0,,,,
18:46:27.808,-107887.0,,1450.0,,,,
18:46:27.808,-107903.0,,2221.0,,,,
18:46:27.816,-107917.0,,173.0,,,,
18:46:27.821,-107950.0,,319.0,,,,
18:46:27.825,-107966.0,,1450.0,,,,
18:46:27.825,-107980.0,,2221.0,,,,
18:46:27.833,-108015.0,,169.0,,,,
18:46:27.839,-108012.0,,318.0,,,,
18:46:27.842,-108041.0,,1448.0,,,,
18:46:27.842,-108042.0,,2219.0,,,,
18:46:27.850,-108092.0,,173.0,,,,
18:46:27.850,-108090.0,,316.0,,,,
18:46:27.858,-108115.0,,1449.0,,,,
18:46:27.866,-108126.0,,2231.0,,,,
18:46:27.870,-108167.0,,173.0,,,,
18:46:27.875,-108206.0,,316.0,,,,
18:46:27.875,-108220.0,,1449.0,,,,
18:46:27.884,-108254.0,,2221.0,,,,
18:46:27.884,-108296.0,,173.0,,,,
18:46:27.892,-108320.0,,326.0,,,,
18:46:27.892,-108327.0,,1449.0,,,,
18:46:27.900,-108350.0,,2231.0,,,,
18:46:27.900,-108427.0,,174.0,,,,
18:46:27.910,-108423.0,,314.0,,,,
18:46:27.916,-108453.0,,1916.0,,,,
18:46:27.921,-108470.0,,172.0,,,,
18:46:27.926,-108504.0,,284.0,,,,
18:46:27.933,-108520.0,,639.0,,,,
18:46:27.938,-108512.0,,2520.0,,,,
18:46:27.942,-108528.0,,1870.0,,,,
18:46:27.942,-108525.0,,184.0,,,,
18:46:27.951,-108526.0,,345.0,,,,
18:46:27.959,-108520.0,,1914.0,,,,
18:46:27.959,-108572.0,,1896.0,,,,
18:46:27.967,-108557.0,,190.0,,,,
18:46:27.975,-108558.0,,345.0,,,,
18:46:27.980,-108549.0,,1912.0,,,,
18:46:27.984,-108548.0,,1896.0,,,,
18:46:27.984,-108560.0,,198.0,,,,
18:46:27.993,-108575.0,,344.0,,,,
18:46:28.001,-108559.0,,1913.0,,,,
18:46:28.001,-108560.0,,1896.0,,,,
18:46:28.009,-108585.0,,199.0,,,,
18:46:28.016,-108593.0,,344.0,,,,
18:46:28.021,-108580.0,,1913.0,,,,
18:46:28.025,-108595.0,,1888.0,,,,
18:46:28.030,-108620.0,,191.0,,,,
18:46:28.034,-108616.0,,344.0,,,,
18:46:28.041,-108631.0,,1902.0,,,,
18:46:28.041,-108613.0,,1897.0,,,,
18:46:28.050,-108652.0,,190.0,,,,
18:46:28.050,-108657.0,,345.0,,,,
18:46:28.058,-108679.0,,1912.0,,,,
18:46:28.058,-108671.0,,1897.0,,,,
18:46:28.067,-108701.0,,187.0,,,,
18:46:28.067,-108726.0,,333.0,,,,
18:46:28.075,-108716.0,,1902.0,,,,
18:46:28.083,-108736.0,,1910.0,,,,
18:46:28.092,-108787.0,,189.0,,,,
18:46:28.099,-108780.0,,425.0,,,,
18:46:28.106,-108810.0,,2536.0,,,,
18:46:28.108,-108834.0,,1227.0,,,,
18:46:28.121,-108864.0,,263.0,,,,
18:46:28.125,-108862.0,,409.0,,,,
18:46:28.139,-108917.0,,2511.0,,,,
18:46:28.141,-108933.0,,1224.0,,,,
18:46:28.150,-108949.0,,256.0,,,,
18:46:28.150,-108958.0,,411.0,,,,
18:46:28.159,-108996.0,,2520.0,,,,
18:46:28.166,-109036.0,,1230.0,,,,
18:46:28.166,-109076.0,,264.0,,,,
18:46:28.175,-109103.0,,413.0,,,,
18:46:28.180,-109115.0,,2519.0,,,,
18:46:28.183,-109151.0,,1225.0,,,,
18:46:28.183,-109195.0,,255.0,,,,
18:46:28.192,-109227.0,,410.0,,,,
18:46:28.192,-109241.0,,2520.0,,,,
18:46:28.201,-109299.0,,1227.0,,,,
18:46:28.209,-109312.0,,262.0,,,,
18:46:28.209,-109324.0,,411.0,,,,
18:46:28.216,-109358.0,,2508.0,,,,
18:46:28.221,-109395.0,,1231.0,,,,
18:46:28.225,-109428.0,,254.0,,,,
18:46:28.225,-109440.0,,413.0,,,,
18:46:28.234,-109448.0,,2520.0,,,,
18:46:28.234,-109497.0,,1239.0,,,,
18:46:28.242,-109526.0,,251.0,,,,
18:46:28.242,-109552.0,,412.0,,,,
18:46:28.250,-109554.0,,2510.0,,,,
18:46:28.258,-109565.0,,1231.0,,,,
18:46:28.258,-109602.0,,255.0,,,,
18:46:28.270,-109598.0,,410.0,,,,
18:46:28.275,-109603.0,,2510.0,,,,
18:46:28.280,-109627.0,,1228.0,,,,
18:46:28.287,-109661.0,,299.0,,,,
18:46:28.293,-109667.0,,635.0,,,,
18:46:28.299,-109663.0,,2715.0,,,,
18:46:28.305,-109693.0,,617.0,,,,
18:46:28.311,-109684.0,,298.0,,,,
18:46:28.316,-109693.0,,635.0,,,,
18:46:28.321,-109684.0,,2715.0,,,,
18:46:28.326,-109705.0,,620.0,,,,
18:46:28.327,-109725.0,,298.0,,,,
18:46:28.335,-109730.0,,634.0,,,,
18:46:28.341,-109742.0,,2713.0,,,,
18:46:28.345,-109771.0,,619.0,,,,
18:46:28.353,-109783.0,,297.0,,,,
18:46:28.355,-109792.0,,635.0,,,,
18:46:28.362,-109804.0,,2715.0,,,,
18:46:28.369,-109833.0,,622.0,,,,
18:46:28.372,-109871.0,,287.0,,,,
18:46:28.377,-109888.0,,636.0,,,,
18:46:28.385,-109883.0,,2701.0,,,,
18:46:28.385,-109921.0,,620.0,,,,
18:46:28.396,-109961.0,,299.0,,,,
18:46:28.401,-109966.0,,634.0,,,,
18:46:28.404,-109952.0,,2715.0,,,,
18:46:28.409,-109978.0,,633.0,,,,
18:46:28.409,-109990.0,,295.0,,,,
18:46:28.422,-110001.0,,634.0,,,,
18:46:28.426,-109990.0,,2715.0,,,,
18:46:28.433,-110011.0,,631.0,,,,
18:46:28.442,-110008.0,,286.0,,,,
18:46:28.442,-109981.0,,631.0,,,,
18:46:28.450,-109960.0,,2700.0,,,,
18:46:28.450,-109935.0,,636.0,,,,
18:46:28.458,-109850.0,,287.0,,,,
18:46:28.466,-109773.0,,633.0,,,,
18:46:28.466,-109682.0,,2712.0,,,,
18:46:28.475,-109556.0,,638.0,,,,
18:46:28.475,-109409.0,,311.0,,,,
18:46:28.485,-109216.0,,943.0,,,,
18:46:28.486,-108988.0,,2493.0,,,,
18:46:28.492,-108782.0,,156.0,,,,
18:46:28.500,-108585.0,,300.0,,,,
18:46:28.501,-108383.0,,940.0,,,,
18:46:28.509,-108202.0,,2490.0,,,,
18:46:28.509,-108097.0,,160.0,,,,
18:46:28.516,-107993.0,,303.0,,,,
18:46:28.525,-107923.0,,943.0,,,,
18:46:28.525,-107863.0,,2476.0,,,,
18:46:28.539,-107842.0,,169.0,,,,
18:46:28.544,-107795.0,,302.0,,,,
18:46:28.550,-107787.0,,942.0,,,,
18:46:28.560,-107774.0,,2491.0,,,,
18:46:28.567,-107778.0,,169.0,,,,
18:46:28.572,-107798.0,,312.0,,,,
18:46:28.581,-107805.0,,942.0,,,,
18:46:28.587,-107787.0,,2494.0,,,,
18:46:28.592,-107826.0,,167.0,,,,
18:46:28.602,-107841.0,,302.0,,,,
18:46:28.605,-107845.0,,941.0,,,,
18:46:28.610,-107859.0,,2490.0,,,,
18:46:28.617,-107882.0,,158.0,,,,
18:46:28.622,-107891.0,,302.0,,,,
18:46:28.626,-107902.0,,939.0,,,,
18:46:28.629,-107932.0,,2491.0,,,,
18:46:28.635,-107965.0,,156.0,,,,
18:46:28.640,-107984.0,,301.0,,,,
18:46:28.646,-108004.0,,940.0,,,,
18:46:28.650,-108006.0,,2480.0,,,,
18:46:28.655,-108058.0,,158.0,,,,
18:46:28.657,-108070.0,,300.0,,,,
18:46:28.657,-108074.0,,942.0,,,,
18:46:28.657,-108093.0,,2490.0,,,,
18:46:28.657,-108135.0,,174.0,,,,
18:46:28.676,-108145.0,,317.0,,,,
18:46:28.680,-108165.0,,1406.0,,,,
18:46:28.685,-108183.0,,2223.0,,,,
18:46:28.689,-108234.0,,173.0,,,,
18:46:28.693,-108238.0,,315.0,,,,
18:46:28.698,-108267.0,,1406.0,,,,
18:46:28.702,-108287.0,,2232.0,,,,
18:46:28.706,-108349.0,,172.0,,,,
18:46:28.711,-108378.0,,316.0,,,,
18:46:28.716,-108424.0,,1416.0,,,,
18:46:28.720,-108450.0,,2220.0,,,,
18:46:28.726,-108506.0,,171.0,,,,
18:46:28.730,-108537.0,,317.0,,,,
18:46:28.735,-108567.0,,1417.0,,,,
18:46:28.741,-108615.0,,2232.0,,,,
18:46:28.745,-108684.0,,176.0,,,,
18:46:28.751,-108705.0,,327.0,,,,
18:46:28.757,-108735.0,,1408.0,,,,
18:46:28.762,-108737.0,,2232.0,,,,
18:46:28.767,-108770.0,,174.0,,,,
18:46:28.772,-108781.0,,316.0,,,,
18:46:28.777,-108792.0,,1417.0,,,,
18:46:28.782,-108787.0,,2223.0,,,,
18:46:28.787,-108811.0,,173.0,,,,
18:46:28.792,-108798.0,,316.0,,,,
18:46:28.796,-108803.0,,1406.0,,,,
18:46:28.801,-108791.0,,2221.0,,,,
18:46:28.806,-108781.0,,174.0,,,,
18:46:28.810,-108764.0,,316.0,,,,
18:46:28.815,-108766.0,,1417.0,,,,
18:46:28.819,-108752.0,,2222.0,,,,
18:46:28.824,-108769.0,,173.0,,,,
18:46:28.829,-108734.0,,313.0,,,,
18:46:28.833,-108711.0,,1406.0,,,,
18:46:28.838,-108710.0,,2219.0,,,,
18:46:28.842,-108723.0,,189.0,,,,
18:46:28.847,-108681.0,,335.0,,,,
18:46:28.851,-108667.0,,1880.0,,,,
18:46:28.856,-108648.0,,1913.0,,,,
18:46:28.861,-108654.0,,188.0,,,,
18:46:28.865,-108636.0,,336.0,,,,
18:46:28.871,-108626.0,,1881.0,,,,
18:46:28.875,-108620.0,,1917.0,,,,
18:46:28.880,-108628.0,,189.0,,,,
18:46:28.884,-108618.0,,344.0,,,,
18:46:28.888,-108618.0,,1882.0,,,,
18:46:28.894,-108622.0,,1919.0,,,,
18:46:28.898,-108666.0,,187.0,,,,
18:46:28.902,-108681.0,,344.0,,,,
18:46:28.906,-108682.0,,1883.0,,,,
18:46:28.911,-108717.0,,1925.0,,,,
18:46:28.915,-108751.0,,186.0,,,,
18:46:28.920,-108762.0,,345.0,,,,
18:46:28.923,-108800.0,,1885.0,,,,
18:46:28.927,-108818.0,,1915.0,,,,
18:46:28.932,-108839.0,,186.0,,,,
18:46:28.936,-108850.0,,345.0,,,,
18:46:28.941,-108864.0,,1884.0,,,,
18:46:28.945,-108882.0,,1916.0,,,,
18:46:28.951,-108908.0,,189.0,,,,
18:46:28.955,-108924.0,,343.0,,,,
18:46:28.959,-108951.0,,1880.0,,,,
18:46:28.964,-108971.0,,1916.0,,,,
18:46:28.969,-109006.0,,189.0,,,,
18:46:28.974,-109009.0,,344.0,,,,
18:46:28.979,-109016.0,,1880.0,,,,
18:46:28.983,-109051.0,,1915.0,,,,
18:46:28.988,-109092.0,,189.0,,,,
18:46:28.992,-109100.0,,335.0,,,,
18:46:28.996,-109124.0,,1879.0,,,,
18:46:29.001,-109144.0,,1256.0,,,,
18:46:29.005,-109183.0,,253.0,,,,
18:46:29.009,-109194.0,,400.0,,,,
18:46:29.013,-109200.0,,2494.0,,,,
18:46:29.018,-109227.0,,1231.0,,,,
18:46:29.022,-109281.0,,256.0,,,,
18:46:29.027,-109264.0,,411.0,,,,
18:46:29.031,-109298.0,,2494.0,,,,
18:46:29.036,-109314.0,,1241.0,,,,
18:46:29.041,-109335.0,,263.0,,,,
18:46:29.045,-109374.0,,408.0,,,,
18:46:29.049,-109412.0,,2505.0,,,,
18:46:29.055,-109406.0,,1240.0,,,,
18:46:29.062,-109453.0,,262.0,,,,
18:46:29.067,-109465.0,,410.0,,,,
18:46:29.072,-109499.0,,2495.0,,,,
18:46:29.076,-109521.0,,1242.0,,,,
18:46:29.080,-109550.0,,251.0,,,,
18:46:29.085,-109572.0,,409.0,,,,
18:46:29.089,-109598.0,,2503.0,,,,
18:46:29.094,-109595.0,,1240.0,,,,
18:46:29.099,-109623.0,,252.0,,,,
18:46:29.104,-109646.0,,406.0,,,,
18:46:29.109,-109653.0,,2503.0,,,,
18:46:29.113,-109651.0,,1232.0,,,,
18:46:29.118,-109686.0,,254.0,,,,
18:46:29.122,-109695.0,,408.0,,,,
18:46:29.128,-109699.0,,2494.0,,,,
18:46:29.132,-109731.0,,1232.0,,,,
18:46:29.137,-109757.0,,255.0,,,,
18:46:29.142,-109757.0,,399.0,,,,
18:46:29.147,-109743.0,,2492.0,,,,
18:46:29.152,-109775.0,,1228.0,,,,
18:46:29.156,-109799.0,,251.0,,,,
18:46:29.161,-109822.0,,397.0,,,,
18:46:29.165,-109831.0,,2494.0,,,,
18:46:29.169,-109862.0,,647.0,,,,
18:46:29.175,-109893.0,,296.0,,,,
18:46:29.180,-109887.0,,633.0,,,,
18:46:29.184,-109891.0,,2698.0,,,,
18:46:29.189,-109931.0,,632.0,,,,
18:46:29.195,-109952.0,,298.0,,,,
18:46:29.199,-109947.0,,632.0,,,,
18:46:29.204,-109940.0,,2711.0,,,,
18:46:29.208,-109957.0,,634.0,,,,
18:46:29.212,-109957.0,,295.0,,,,
18:46:29.216,-109939.0,,632.0,,,,
18:46:29.220,-109861.0,,2702.0,,,,
18:46:29.225,-109800.0,,637.0,,,,
18:46:29.229,-109702.0,,298.0,,,,
18:46:29.234,-109599.0,,635.0,,,,
18:46:29.238,-109420.0,,2637.0,,,,
18:46:29.243,-109267.0,,664.0,,,,
18:46:29.248,-109033.0,,296.0,,,,
18:46:29.253,-108838.0,,631.0,,,,
18:46:29.257,-108590.0,,2648.0,,,,
18:46:29.263,-108395.0,,668.0,,,,
18:46:29.267,-108260.0,,298.0,,,,
18:46:29.271,-108124.0,,632.0,,,,
18:46:29.277,-108020.0,,2632.0,,,,
18:46:29.281,-107960.0,,679.0,,,,
18:46:29.286,-107874.0,,285.0,,,,
18:46:29.290,-107824.0,,622.0,,,,
18:46:29.295,-107776.0,,2632.0,,,,
18:46:29.299,-107783.0,,679.0,,,,
18:46:29.304,-107731.0,,296.0,,,,
18:46:29.308,-107714.0,,622.0,,,,
18:46:29.313,-107705.0,,2623.0,,,,
18:46:29.318,-107718.0,,669.0,,,,
18:46:29.322,-107727.0,,286.0,,,,
18:46:29.326,-107730.0,,632.0,,,,
18:46:29.331,-107693.0,,2636.0,,,,
18:46:29.335,-107743.0,,157.0,,,,
18:46:29.340,-107750.0,,303.0,,,,
18:46:29.345,-107775.0,,938.0,,,,
18:46:29.350,-107766.0,,2430.0,,,,
18:46:29.354,-107801.0,,160.0,,,,
18:46:29.358,-107837.0,,302.0,,,,
18:46:29.362,-107828.0,,943.0,,,,
18:46:29.367,-107841.0,,2443.0,,,,
18:46:29.371,-107874.0,,168.0,,,,
18:46:29.375,-107912.0,,310.0,,,,
18:46:29.380,-107931.0,,943.0,,,,
18:46:29.385,-107943.0,,2430.0,,,,
18:46:29.389,-107984.0,,168.0,,,,
18:46:29.394,-107998.0,,301.0,,,,
18:46:29.398,-108018.0,,954.0,,,,
18:46:29.403,-108034.0,,2442.0,,,,
18:46:29.407,-108075.0,,157.0,,,,
18:46:29.412,-108094.0,,300.0,,,,
18:46:29.417,-108125.0,,950.0,,,,
18:46:29.421,-108124.0,,2440.0,,,,
18:46:29.425,-108173.0,,167.0,,,,
18:46:29.429,-108178.0,,310.0,,,,
18:46:29.434,-108214.0,,954.0,,,,
18:46:29.439,-108223.0,,2440.0,,,,
18:46:29.443,-108261.0,,156.0,,,,
18:46:29.448,-108303.0,,300.0,,,,
18:46:29.453,-108348.0,,951.0,,,,
18:46:29.457,-108340.0,,2364.0,,,,
18:46:29.462,-108411.0,,154.0,,,,
18:46:29.467,-108431.0,,298.0,,,,
18:46:29.471,-108447.0,,951.0,,,,
18:46:29.476,-108461.0,,2284.0,,,,
18:46:29.480,-108523.0,,153.0,,,,
18:46:29.484,-108541.0,,298.0,,,,
18:46:29.488,-108555.0,,953.0,,,,
18:46:29.492,-108569.0,,2059.0,,,,
18:46:29.496,-108607.0,,173.0,,,,
18:46:29.500,-108608.0,,318.0,,,,
18:46:29.504,-108607.0,,1420.0,,,,
18:46:29.508,-108604.0,,2057.0,,,,
18:46:29.512,-108636.0,,183.0,,,,
18:46:29.517,-108621.0,,316.0,,,,
18:46:29.521,-108615.0,,1422.0,,,,
18:46:29.526,-108598.0,,2047.0,,,,
18:46:29.530,-108616.0,,176.0,,,,
18:46:29.534,-108627.0,,314.0,,,,
18:46:29.538,-108620.0,,1424.0,,,,
18:46:29.543,-108603.0,,2056.0,,,,
18:46:29.548,-108622.0,,175.0,,,,
18:46:29.552,-108614.0,,317.0,,,,
18:46:29.556,-108607.0,,1432.0,,,,
18:46:29.561,-108619.0,,2046.0,,,,
18:46:29.565,-108633.0,,173.0,,,,
18:46:29.570,-108626.0,,319.0,,,,
18:46:29.573,-108618.0,,1432.0,,,,
18:46:29.578,-108608.0,,2057.0,,,,
18:46:29.581,-108639.0,,172.0,,,,
18:46:29.586,-108661.0,,316.0,,,,
18:46:29.590,-108648.0,,1430.0,,,,
18:46:29.595,-108644.0,,2042.0,,,,
18:46:29.600,-108675.0,,182.0,,,,
18:46:29.604,-108671.0,,315.0,,,,
18:46:29.610,-108686.0,,1434.0,,,,
18:46:29.614,-108689.0,,2046.0,,,,
18:46:29.620,-108715.0,,172.0,,,,
18:46:29.624,-108709.0,,315.0,,,,
18:46:29.629,-108723.0,,1423.0,,,,
18:46:29.634,-108745.0,,2056.0,,,,
18:46:29.637,-108783.0,,172.0,,,,
18:46:29.641,-108793.0,,314.0,,,,
18:46:29.645,-108811.0,,1434.0,,,,
18:46:29.650,-108804.0,,1757.0,,,,
18:46:29.654,-108846.0,,188.0,,,,
18:46:29.659,-108852.0,,336.0,,,,
18:46:29.663,-108860.0,,1885.0,,,,
18:46:29.668,-108879.0,,1753.0,,,,
18:46:29.672,-108934.0,,191.0,,,,
18:46:29.677,-108941.0,,344.0,,,,
18:46:29.681,-108952.0,,1896.0,,,,
18:46:29.686,-108965.0,,1756.0,,,,
18:46:29.691,-109005.0,,188.0,,,,
18:46:29.695,-109044.0,,344.0,,,,
18:46:29.700,-109061.0,,1888.0,,,,
18:46:29.705,-109087.0,,1742.0,,,,
18:46:29.711,-109119.0,,186.0,,,,
18:46:29.718,-109158.0,,336.0,,,,
18:46:29.721,-109172.0,,1885.0,,,,
18:46:29.726,-109212.0,,1739.0,,,,
18:46:29.730,-109221.0,,186.0,,,,
18:46:29.734,-109245.0,,344.0,,,,
18:46:29.738,-109264.0,,1896.0,,,,
18:46:29.742,-109286.0,,1736.0,,,,
18:46:29.746,-109313.0,,190.0,,,,
18:46:29.751,-109328.0,,346.0,,,,
18:46:29.756,-109352.0,,1897.0,,,,
18:46:29.762,-109368.0,,1742.0,,,,
18:46:29.765,-109388.0,,190.0,,,,
18:46:29.770,-109420.0,,344.0,,,,
18:46:29.774,-109424.0,,1898.0,,,,
18:46:29.778,-109450.0,,1737.0,,,,
18:46:29.782,-109458.0,,188.0,,,,
18:46:29.786,-109487.0,,342.0,,,,
18:46:29.790,-109506.0,,1897.0,,,,
18:46:29.795,-109504.0,,1739.0,,,,
18:46:29.799,-109525.0,,187.0,,,,
18:46:29.805,-109572.0,,343.0,,,,
18:46:29.809,-109565.0,,2442.0,,,,
18:46:29.814,-109578.0,,1117.0,,,,
18:46:29.819,-109599.0,,265.0,,,,
18:46:29.823,-109629.0,,412.0,,,,
18:46:29.827,-109644.0,,2444.0,,,,
18:46:29.832,-109632.0,,1116.0,,,,
18:46:29.836,-109668.0,,264.0,,,,
18:46:29.840,-109660.0,,414.0,,,,
18:46:29.845,-109659.0,,2442.0,,,,
18:46:29.849,-109728.0,,189.0,,,,
18:46:29.854,-109743.0,,300.0,,,,
18:46:29.858,-109772.0,,966.0,,,,
18:46:29.862,-109783.0,,2495.0,,,,
18:46:29.867,-109804.0,,1082.0,,,,
18:46:29.871,-109832.0,,264.0,,,,
18:46:29.875,-109860.0,,415.0,,,,
18:46:29.879,-109867.0,,2445.0,,,,
18:46:29.884,-109898.0,,1112.0,,,,
18:46:29.889,-109932.0,,254.0,,,,
18:46:29.894,-109951.0,,411.0,,,,
18:46:29.898,-109968.0,,2456.0,,,,
18:46:29.903,-110002.0,,1102.0,,,,
18:46:29.907,-110038.0,,254.0,,,,
18:46:29.914,-110045.0,,414.0,,,,
18:46:29.921,-110031.0,,2445.0,,,,
18:46:29.926,-110067.0,,1111.0,,,,
18:46:29.933,-110088.0,,264.0,,,,
18:46:29.940,-110084.0,,415.0,,,,
18:46:29.944,-110089.0,,2444.0,,,,
18:46:29.951,-110076.0,,1102.0,,,,
18:46:29.955,-110062.0,,252.0,,,,
18:46:29.959,-110007.0,,411.0,,,,
18:46:29.963,-109959.0,,2442.0,,,,
18:46:29.968,-109904.0,,1112.0,,,,
18:46:29.972,-109805.0,,253.0,,,,
18:46:29.976,-109679.0,,412.0,,,,
18:46:29.980,-109499.0,,2509.0,,,,
18:46:29.985,-109336.0,,503.0,,,,
18:46:29.990,-109124.0,,300.0,,,,
18:46:29.995,-108891.0,,654.0,,,,
18:46:30.000,-108665.0,,2508.0,,,,
18:46:30.005,-108471.0,,489.0,,,,
18:46:30.009,-108278.0,,298.0,,,,
18:46:30.014,-108142.0,,650.0,,,,
18:46:30.018,-108008.0,,2511.0,,,,
18:46:30.023,-107964.0,,491.0,,,,
18:46:30.029,-107907.0,,299.0,,,,
18:46:30.034,-107860.0,,653.0,,,,
18:46:30.039,-107806.0,,2502.0,,,,
18:46:30.044,-107786.0,,492.0,,,,
18:46:30.048,-107777.0,,299.0,,,,
18:46:30.053,-107772.0,,652.0,,,,
18:46:30.057,-107763.0,,2507.0,,,,
18:46:30.063,-107774.0,,478.0,,,,
18:46:30.068,-107795.0,,297.0,,,,
18:46:30.073,-107790.0,,651.0,,,,
18:46:30.077,-107814.0,,2507.0,,,,
18:46:30.082,-107824.0,,489.0,,,,
18:46:30.087,-107844.0,,299.0,,,,
18:46:30.092,-107840.0,,662.0,,,,
18:46:30.097,-107864.0,,2505.0,,,,
18:46:30.102,-107893.0,,486.0,,,,
18:46:30.106,-107913.0,,297.0,,,,
18:46:30.111,-107924.0,,654.0,,,,
18:46:30.115,-107955.0,,2503.0,,,,
18:46:30.120,-107985.0,,479.0,,,,
18:46:30.124,-108001.0,,296.0,,,,
18:46:30.128,-108034.0,,654.0,,,,
18:46:30.133,-108031.0,,2504.0,,,,
18:46:30.137,-108072.0,,478.0,,,,
18:46:30.142,-108084.0,,287.0,,,,
18:46:30.146,-108103.0,,988.0,,,,
18:46:30.150,-108102.0,,2268.0,,,,
18:46:30.154,-108134.0,,159.0,,,,
18:46:30.158,-108147.0,,302.0,,,,
18:46:30.162,-108156.0,,985.0,,,,
18:46:30.167,-108178.0,,2268.0,,,,
18:46:30.171,-108206.0,,158.0,,,,
18:46:30.176,-108237.0,,301.0,,,,
18:46:30.182,-108255.0,,989.0,,,,
18:46:30.187,-108282.0,,2264.0,,,,
18:46:30.192,-108332.0,,164.0,,,,
18:46:30.196,-108375.0,,300.0,,,,
18:46:30.201,-108412.0,,990.0,,,,
18:46:30.206,-108447.0,,2263.0,,,,
18:46:30.213,-108497.0,,157.0,,,,
18:46:30.219,-108568.0,,302.0,,,,
18:46:30.226,-108607.0,,1002.0,,,,
18:46:30.232,-108622.0,,2255.0,,,,
18:46:30.238,-108693.0,,159.0,,,,
18:46:30.244,-108713.0,,302.0,,,,
18:46:30.249,-108747.0,,1002.0,,,,
18:46:30.255,-108765.0,,2255.0,,,,
18:46:30.260,-108795.0,,155.0,,,,
18:46:30.265,-108826.0,,300.0,,,,
18:46:30.270,-108818.0,,1002.0,,,,
18:46:30.276,-108834.0,,2264.0,,,,
18:46:30.281,-108855.0,,157.0,,,,
18:46:30.287,-108861.0,,300.0,,,,
18:46:30.292,-108854.0,,1003.0,,,,
18:46:30.296,-108836.0,,2256.0,,,,
18:46:30.301,-108863.0,,156.0,,,,
18:46:30.305,-108849.0,,299.0,,,,
18:46:30.310,-108843.0,,1002.0,,,,
18:46:30.314,-108843.0,,2255.0,,,,
18:46:30.319,-108836.0,,167.0,,,,
18:46:30.323,-108855.0,,298.0,,,,
18:46:30.328,-108831.0,,1470.0,,,,
18:46:30.332,-108809.0,,2029.0,,,,
18:46:30.337,-108840.0,,184.0,,,,
18:46:30.341,-108829.0,,317.0,,,,
18:46:30.346,-108817.0,,1483.0,,,,
18:46:30.352,-108811.0,,2025.0,,,,
18:46:30.356,-108829.0,,173.0,,,,
18:46:30.361,-108844.0,,318.0,,,,
18:46:30.367,-108847.0,,1482.0,,,,
18:46:30.371,-108846.0,,2026.0,,,,
18:46:30.376,-108869.0,,175.0,,,,
18:46:30.380,-108873.0,,328.0,,,,
18:46:30.386,-108873.0,,1487.0,,,,
18:46:30.391,-108893.0,,2025.0,,,,
18:46:30.396,-108949.0,,183.0,,,,
18:46:30.401,-108969.0,,319.0,,,,
18:46:30.405,-108985.0,,1482.0,,,,
18:46:30.410,-108992.0,,2024.0,,,,
18:46:30.414,-109038.0,,174.0,,,,
18:46:30.418,-109050.0,,316.0,,,,
18:46:30.423,-109062.0,,1484.0,,,,
18:46:30.428,-109105.0,,2026.0,,,,
18:46:30.433,-109125.0,,183.0,,,,
18:46:30.438,-109151.0,,316.0,,,,
18:46:30.442,-109157.0,,1481.0,,,,
18:46:30.447,-109175.0,,2023.0,,,,
18:46:30.452,-109219.0,,174.0,,,,
18:46:30.457,-109237.0,,316.0,,,,
18:46:30.462,-109228.0,,1486.0,,,,
18:46:30.467,-109278.0,,2015.0,,,,
18:46:30.472,-109324.0,,184.0,,,,
18:46:30.477,-109325.0,,315.0,,,,
18:46:30.482,-109367.0,,1485.0,,,,
18:46:30.487,-109381.0,,2024.0,,,,
18:46:30.492,-109417.0,,173.0,,,,
18:46:30.498,-109422.0,,360.0,,,,
18:46:30.503,-109444.0,,1945.0,,,,
18:46:30.508,-109458.0,,1655.0,,,,
18:46:30.513,-109502.0,,186.0,,,,
18:46:30.518,-109525.0,,344.0,,,,
18:46:30.523,-109537.0,,1943.0,,,,
18:46:30.529,-109535.0,,1656.0,,,,
18:46:30.534,-109588.0,,191.0,,,,
18:46:30.539,-109607.0,,347.0,,,,
18:46:30.544,-109624.0,,1944.0,,,,
18:46:30.549,-109647.0,,1643.0,,,,
18:46:30.554,-109699.0,,189.0,,,,
18:46:30.559,-109693.0,,349.0,,,,
18:46:30.564,-109703.0,,1944.0,,,,
18:46:30.570,-109737.0,,1644.0,,,,
18:46:30.578,-109797.0,,189.0,,,,
18:46:30.582,-109810.0,,350.0,,,,
18:46:30.589,-109844.0,,1947.0,,,,
18:46:30.595,-109854.0,,1643.0,,,,
18:46:30.599,-109873.0,,188.0,,,,
18:46:30.607,-109888.0,,350.0,,,,
18:46:30.614,-109897.0,,1945.0,,,,
18:46:30.620,-109915.0,,1643.0,,,,
18:46:30.626,-109947.0,,185.0,,,,
18:46:30.634,-109946.0,,347.0,,,,
18:46:30.640,-109964.0,,1946.0,,,,
18:46:30.645,-109989.0,,1640.0,,,,
18:46:30.652,-109998.0,,186.0,,,,
18:46:30.659,-110034.0,,346.0,,,,
18:46:30.667,-110041.0,,1947.0,,,,
18:46:30.672,-110054.0,,1639.0,,,,
18:46:30.678,-110091.0,,189.0,,,,
18:46:30.687,-110084.0,,347.0,,,,
18:46:30.692,-110114.0,,1949.0,,,,
18:46:30.699,-110128.0,,1628.0,,,,
18:46:30.707,-110145.0,,269.0,,,,
18:46:30.714,-110160.0,,437.0,,,,
18:46:30.720,-110173.0,,2493.0,,,,
18:46:30.726,-110199.0,,1052.0,,,,
18:46:30.732,-110221.0,,266.0,,,,
18:46:30.739,-110225.0,,432.0,,,,
18:46:30.746,-110244.0,,2503.0,,,,
18:46:30.753,-110265.0,,1024.0,,,,
18:46:30.759,-110283.0,,262.0,,,,
18:46:30.766,-110327.0,,429.0,,,,
18:46:30.772,-110356.0,,2495.0,,,,
18:46:30.779,-110386.0,,1035.0,,,,
18:46:30.786,-110408.0,,267.0,,,,
18:46:30.793,-110413.0,,440.0,,,,
18:46:30.799,-110436.0,,2502.0,,,,
18:46:30.806,-110470.0,,1024.0,,,,
18:46:30.814,-110459.0,,265.0,,,,
18:46:30.818,-110444.0,,441.0,,,,
18:46:30.822,-110428.0,,2504.0,,,,
18:46:30.828,-110393.0,,1024.0,,,,
18:46:30.833,-110351.0,,264.0,,,,
18:46:30.838,-110250.0,,440.0,,,,
18:46:30.842,-110112.0,,2507.0,,,,
18:46:30.846,-109991.0,,1034.0,,,,
18:46:30.851,-109819.0,,256.0,,,,
18:46:30.855,-109620.0,,439.0,,,,
18:46:30.859,-109389.0,,2508.0,,,,
18:46:30.863,-109176.0,,1022.0,,,,
18:46:30.868,-108938.0,,266.0,,,,
18:46:30.872,-108735.0,,441.0,,,,
18:46:30.876,-108518.0,,2504.0,,,,
18:46:30.881,-108389.0,,1018.0,,,,
18:46:30.885,-108283.0,,254.0,,,,
18:46:30.890,-108188.0,,441.0,,,,
18:46:30.895,-108121.0,,2511.0,,,,
18:46:30.899,-108075.0,,1023.0,,,,
18:46:30.904,-108035.0,,301.0,,,,
18:46:30.908,-108013.0,,697.0,,,,
18:46:30.912,-107990.0,,2488.0,,,,
18:46:30.916,-107995.0,,379.0,,,,
18:46:30.921,-107990.0,,297.0,,,,
18:46:30.925,-107996.0,,696.0,,,,
18:46:30.929,-107975.0,,2478.0,,,,
18:46:30.933,-108001.0,,377.0,,,,
18:46:30.937,-108004.0,,298.0,,,,
18:46:30.942,-108048.0,,698.0,,,,
18:46:30.946,-108068.0,,2478.0,,,,
18:46:30.954,-108068.0,186.773421163634,2478.0,91.83673469387755,-0.8951970011828865,-0.9809516974505582,0.0
18:46:30.973,-108081.0,,377.0,,,,
18:46:30.981,-108113.0,,298.0,,,,
18:46:30.987,-108141.0,,700.0,,,,
18:46:30.992,-108181.0,,2478.0,,,,
18:46:30.997,-108213.0,,367.0,,,,
18:46:31.001,-108253.0,,298.0,,,,
18:46:31.005,-108271.0,,702.0,,,,
18:46:31.010,-108290.0,,2480.0,,,,
18:46:31.014,-108332.0,,363.0,,,,
18:46:31.018,-108366.0,,300.0,,,,
18:46:31.022,-108357.0,,701.0,,,,
18:46:31.027,-108385.0,,2474.0,,,,
18:46:31.031,-108422.0,,366.0,,,,
18:46:31.035,-108447.0,,299.0,,,,
18:46:31.040,-108465.0,,703.0,,,,
18:46:31.044,-108470.0,,2464.0,,,,
18:46:31.048,-108514.0,,360.0,,,,
18:46:31.053,-108540.0,,294.0,,,,
18:46:31.056,-108562.0,,700.0,,,,
18:46:31.061,-108558.0,,2475.0,,,,
18:46:31.065,-108629.0,,363.0,,,,
18:46:31.070,-108663.0,,296.0,,,,
18:46:31.073,-108716.0,,702.0,,,,
18:46:31.077,-108720.0,,2474.0,,,,
18:46:31.082,-108777.0,,166.0,,,,
18:46:31.086,-108807.0,,301.0,,,,
18:46:31.091,-108847.0,,1078.0,,,,
18:46:31.096,-108849.0,,2222.0,,,,
18:46:31.102,-108900.0,,167.0,,,,
18:46:31.107,-108921.0,,304.0,,,,
18:46:31.113,-108962.0,,1082.0,,,,
18:46:31.117,-108961.0,,2222.0,,,,
18:46:31.122,-108999.0,,156.0,,,,
18:46:31.132,-109013.0,,302.0,,,,
18:46:31.136,-109054.0,,1082.0,,,,
18:46:31.141,-109057.0,,2223.0,,,,
18:46:31.147,-109068.0,,158.0,,,,
18:46:31.151,-109084.0,,312.0,,,,
18:46:31.155,-109088.0,,1085.0,,,,
18:46:31.160,-109086.0,,2217.0,,,,
18:46:31.164,-109112.0,,158.0,,,,
18:46:31.168,-109099.0,,302.0,,,,
18:46:31.171,-109104.0,,1087.0,,,,
18:46:31.175,-109107.0,,2216.0,,,,
18:46:31.179,-109129.0,,157.0,,,,
18:46:31.184,-109107.0,,302.0,,,,
18:46:31.187,-109114.0,,1086.0,,,,
18:46:31.195,-109083.0,,2206.0,,,,
18:46:31.199,-109103.0,,154.0,,,,
18:46:31.203,-109100.0,,301.0,,,,
18:46:31.207,-109079.0,,1085.0,,,,
18:46:31.211,-109080.0,,2216.0,,,,
18:46:31.215,-109119.0,,154.0,,,,
18:46:31.219,-109089.0,,303.0,,,,
18:46:31.223,-109089.0,,1097.0,,,,
18:46:31.228,-109098.0,,2216.0,,,,
18:46:31.232,-109130.0,,159.0,,,,
18:46:31.238,-109135.0,,300.0,,,,
18:46:31.243,-109147.0,,1099.0,,,,
18:46:31.247,-109156.0,,2206.0,,,,
18:46:31.251,-109201.0,,188.0,,,,
18:46:31.255,-109213.0,,317.0,,,,
18:46:31.260,-109218.0,,1576.0,,,,
18:46:31.264,-109236.0,,1995.0,,,,
18:46:31.269,-109269.0,,183.0,,,,
18:46:31.274,-109274.0,,319.0,,,,
18:46:31.278,-109294.0,,1577.0,,,,
18:46:31.282,-109305.0,,1994.0,,,,
18:46:31.286,-109319.0,,186.0,,,,
18:46:31.289,-109364.0,,317.0,,,,
18:46:31.294,-109380.0,,1579.0,,,,
18:46:31.298,-109395.0,,1991.0,,,,
18:46:31.302,-109431.0,,183.0,,,,
18:46:31.306,-109460.0,,327.0,,,,
18:46:31.311,-109498.0,,1580.0,,,,
18:46:31.316,-109520.0,,1995.0,,,,
18:46:31.320,-109563.0,,174.0,,,,
18:46:31.325,-109579.0,,327.0,,,,
18:46:31.330,-109612.0,,1592.0,,,,
18:46:31.334,-109626.0,,1992.0,,,,
18:46:31.338,-109672.0,,187.0,,,,
18:46:31.342,-109697.0,,328.0,,,,
18:46:31.346,-109694.0,,1594.0,,,,
18:46:31.350,-109715.0,,1992.0,,,,
18:46:31.354,-109776.0,,186.0,,,,
18:46:31.358,-109783.0,,318.0,,,,
18:46:31.363,-109793.0,,1593.0,,,,
18:46:31.367,-109796.0,,1992.0,,,,
18:46:31.370,-109843.0,,185.0,,,,
18:46:31.374,-109859.0,,318.0,,,,
18:46:31.378,-109869.0,,1593.0,,,,
18:46:31.383,-109877.0,,1979.0,,,,
18:46:31.386,-109931.0,,182.0,,,,
18:46:31.390,-109951.0,,315.0,,,,
18:46:31.394,-109943.0,,1594.0,,,,
18:46:31.398,-109976.0,,1531.0,,,,
18:46:31.402,-110003.0,,189.0,,,,
18:46:31.406,-110008.0,,349.0,,,,
18:46:31.413,-110019.0,,2075.0,,,,
18:46:31.417,-110047.0,,1518.0,,,,
18:46:31.423,-110080.0,,206.0,,,,
18:46:31.430,-110076.0,,350.0,,,,
18:46:31.436,-110088.0,,2105.0,,,,
18:46:31.442,-110111.0,,1642.0,,,,
18:46:31.448,-110137.0,,200.0,,,,
18:46:31.453,-110158.0,,351.0,,,,
18:46:31.457,-110181.0,,2109.0,,,,
18:46:31.461,-110192.0,,1640.0,,,,
18:46:31.465,-110238.0,,201.0,,,,
18:46:31.469,-110248.0,,359.0,,,,
18:46:31.473,-110281.0,,2120.0,,,,
18:46:31.478,-110305.0,,1631.0,,,,
18:46:31.482,-110335.0,,190.0,,,,
18:46:31.487,-110356.0,,360.0,,,,
18:46:31.491,-110375.0,,2112.0,,,,
18:46:31.496,-110389.0,,1629.0,,,,
18:46:31.501,-110444.0,,201.0,,,,
18:46:31.505,-110457.0,,352.0,,,,
18:46:31.510,-110465.0,,2125.0,,,,
18:46:31.514,-110480.0,,1624.0,,,,
18:46:31.520,-110509.0,,201.0,,,,
18:46:31.527,-110521.0,,358.0,,,,
18:46:31.532,-110541.0,,2135.0,,,,
18:46:31.538,-110555.0,,1624.0,,,,
18:46:31.545,-110586.0,,200.0,,,,
18:46:31.552,-110589.0,,349.0,,,,
18:46:31.558,-110600.0,,2138.0,,,,
18:46:31.565,-110628.0,,1616.0,,,,
18:46:31.572,-110651.0,,206.0,,,,
18:46:31.579,-110660.0,,350.0,,,,
18:46:31.585,-110679.0,,2138.0,,,,
18:46:31.592,-110696.0,,1024.0,,,,
18:46:31.599,-110681.0,,278.0,,,,
18:46:31.603,-110705.0,,477.0,,,,
18:46:31.610,-110681.0,,2670.0,,,,
18:46:31.614,-110659.0,,1018.0,,,,
18:46:31.619,-110627.0,,270.0,,,,
18:46:31.625,-110572.0,,477.0,,,,
18:46:31.630,-110485.0,,2671.0,,,,
18:46:31.634,-110391.0,,1004.0,,,,
18:46:31.663,-110265.0,,270.0,,,,
18:46:31.666,-110137.0,,487.0,,,,
18:46:31.670,-109964.0,,2683.0,,,,
18:46:31.673,-109793.0,,1015.0,,,,
18:46:31.677,-109592.0,,279.0,,,,
18:46:31.680,-109375.0,,479.0,,,,
18:46:31.685,-109147.0,,2671.0,,,,
18:46:31.688,-108945.0,,1004.0,,,,
18:46:31.692,-108768.0,,278.0,,,,
18:46:31.696,-108604.0,,488.0,,,,
18:46:31.700,-108491.0,,2682.0,,,,
18:46:31.704,-108387.0,,1004.0,,,,
18:46:31.708,-108333.0,,270.0,,,,
18:46:31.712,-108258.0,,495.0,,,,
18:46:31.716,-108225.0,,2687.0,,,,
18:46:31.720,-108216.0,,1004.0,,,,
18:46:31.723,-108190.0,,270.0,,,,
18:46:31.729,-108189.0,,493.0,,,,
18:46:31.733,-108187.0,,2685.0,,,,
18:46:31.737,-108177.0,,1001.0,,,,
18:46:31.740,-108204.0,,269.0,,,,
18:46:31.744,-108195.0,,490.0,,,,
18:46:31.748,-108185.0,,2684.0,,,,
18:46:31.752,-108232.0,,991.0,,,,
18:46:31.756,-108268.0,,269.0,,,,
18:46:31.760,-108281.0,,490.0,,,,
18:46:31.763,-108295.0,,2586.0,,,,
18:46:31.768,-108324.0,,300.0,,,,
18:46:31.771,-108367.0,,299.0,,,,
18:46:31.775,-108395.0,,764.0,,,,
18:46:31.780,-108409.0,,2584.0,,,,
18:46:31.784,-108461.0,,298.0,,,,
18:46:31.788,-108476.0,,300.0,,,,
18:46:31.792,-108507.0,,764.0,,,,
18:46:31.796,-108526.0,,2574.0,,,,
18:46:31.800,-108583.0,,285.0,,,,
18:46:31.805,-108635.0,,298.0,,,,
18:46:31.809,-108651.0,,764.0,,,,
18:46:31.813,-108644.0,,2575.0,,,,
18:46:31.818,-108705.0,,286.0,,,,
18:46:31.821,-108732.0,,302.0,,,,
18:46:31.826,-108783.0,,777.0,,,,
18:46:31.830,-108805.0,,2586.0,,,,
18:46:31.834,-108849.0,,301.0,,,,
18:46:31.838,-108879.0,,376.0,,,,
18:46:31.842,-108934.0,,1662.0,,,,
18:46:31.846,-108972.0,,2313.0,,,,
18:46:31.850,-109025.0,,253.0,,,,
18:46:31.855,-109076.0,,301.0,,,,
18:46:31.860,-109132.0,,781.0,,,,
18:46:31.865,-109137.0,,2567.0,,,,
18:46:31.870,-109202.0,,270.0,,,,
18:46:31.875,-109248.0,,300.0,,,,
18:46:31.880,-109272.0,,775.0,,,,
18:46:31.885,-109293.0,,2560.0,,,,
18:46:31.890,-109340.0,,269.0,,,,
18:46:31.895,-109365.0,,295.0,,,,
18:46:31.901,-109385.0,,779.0,,,,
18:46:31.905,-109398.0,,2572.0,,,,
18:46:31.910,-109441.0,,268.0,,,,
18:46:31.915,-109473.0,,298.0,,,,
18:46:31.920,-109473.0,,781.0,,,,
18:46:31.927,-109498.0,,2318.0,,,,
18:46:31.931,-109527.0,,157.0,,,,
18:46:31.936,-109523.0,,313.0,,,,
18:46:31.942,-109534.0,,1212.0,,,,
18:46:31.946,-109513.0,,2316.0,,,,
18:46:31.951,-109546.0,,157.0,,,,
18:46:31.956,-109537.0,,313.0,,,,
18:46:31.961,-109533.0,,1211.0,,,,
18:46:31.967,-109530.0,,2311.0,,,,
18:46:31.971,-109573.0,,170.0,,,,
18:46:31.976,-109562.0,,314.0,,,,
18:46:31.981,-109553.0,,1212.0,,,,
18:46:31.986,-109536.0,,2312.0,,,,
18:46:31.992,-109559.0,,157.0,,,,
18:46:31.996,-109571.0,,316.0,,,,
18:46:32.001,-109592.0,,1226.0,,,,
18:46:32.006,-109586.0,,2316.0,,,,
18:46:32.011,-109612.0,,169.0,,,,
18:46:32.016,-109623.0,,316.0,,,,
18:46:32.021,-109637.0,,1224.0,,,,
18:46:32.026,-109649.0,,2312.0,,,,
18:46:32.031,-109685.0,,158.0,,,,
18:46:32.036,-109686.0,,313.0,,,,
18:46:32.042,-109731.0,,1226.0,,,,
18:46:32.046,-109723.0,,2302.0,,,,
18:46:32.051,-109760.0,,171.0,,,,
18:46:32.056,-109798.0,,312.0,,,,
18:46:32.061,-109810.0,,1231.0,,,,
18:46:32.066,-109820.0,,2296.0,,,,
18:46:32.071,-109860.0,,169.0,,,,
18:46:32.076,-109883.0,,311.0,,,,
18:46:32.081,-109892.0,,1239.0,,,,
18:46:32.086,-109916.0,,2300.0,,,,
18:46:32.092,-109963.0,,168.0,,,,
18:46:32.097,-109974.0,,304.0,,,,
18:46:32.103,-109992.0,,1710.0,,,,
18:46:32.108,-110019.0,,2092.0,,,,
18:46:32.112,-110065.0,,186.0,,,,
18:46:32.117,-110073.0,,319.0,,,,
18:46:32.122,-110067.0,,1720.0,,,,
18:46:32.128,-110110.0,,2088.0,,,,
18:46:32.133,-110170.0,,186.0,,,,
18:46:32.138,-110165.0,,327.0,,,,
18:46:32.143,-110194.0,,1722.0,,,,
18:46:32.148,-110214.0,,2078.0,,,,
18:46:32.153,-110268.0,,185.0,,,,
18:46:32.158,-110293.0,,330.0,,,,
18:46:32.163,-110319.0,,1726.0,,,,
18:46:32.168,-110360.0,,2087.0,,,,
18:46:32.173,-110392.0,,188.0,,,,
18:46:32.178,-110423.0,,332.0,,,,
18:46:32.184,-110447.0,,1737.0,,,,
18:46:32.189,-110506.0,,2078.0,,,,
18:46:32.194,-110521.0,,186.0,,,,
18:46:32.199,-110555.0,,330.0,,,,
18:46:32.205,-110571.0,,1738.0,,,,
18:46:32.211,-110594.0,,2087.0,,,,
18:46:32.215,-110635.0,,188.0,,,,
18:46:32.220,-110658.0,,330.0,,,,
18:46:32.223,-110652.0,,1739.0,,,,
18:46:32.227,-110675.0,,2076.0,,,,
18:46:32.232,-110716.0,,188.0,,,,
18:46:32.238,-110742.0,,331.0,,,,
18:46:32.245,-110758.0,,1739.0,,,,
18:46:32.252,-110755.0,,2077.0,,,,
18:46:32.255,-110782.0,,187.0,,,,
18:46:32.262,-110795.0,,328.0,,,,
18:46:32.269,-110813.0,,1740.0,,,,
18:46:32.275,-110814.0,,2074.0,,,,
18:46:32.282,-110851.0,,188.0,,,,
18:46:32.288,-110867.0,,328.0,,,,
18:46:32.294,-110877.0,,2319.0,,,,
18:46:32.300,-110891.0,,1451.0,,,,
18:46:32.306,-110910.0,,236.0,,,,
18:46:32.312,-110918.0,,383.0,,,,
18:46:32.317,-110925.0,,2330.0,,,,
18:46:32.336,-110943.0,,1452.0,,,,
18:46:32.342,-110949.0,,235.0,,,,
18:46:32.348,-110951.0,,391.0,,,,
18:46:32.354,-110976.0,,2334.0,,,,
18:46:32.360,-111003.0,,1437.0,,,,
18:46:32.365,-111044.0,,235.0,,,,
18:46:32.371,-111056.0,,392.0,,,,
18:46:32.377,-111041.0,,2334.0,,,,
18:46:32.381,-111073.0,,1447.0,,,,
18:46:32.387,-111090.0,,234.0,,,,
18:46:32.393,-111114.0,,383.0,,,,
18:46:32.399,-111126.0,,2344.0,,,,
18:46:32.406,-111150.0,,1435.0,,,,
18:46:32.412,-111172.0,,238.0,,,,
18:46:32.419,-111188.0,,392.0,,,,
18:46:32.425,-111183.0,,2344.0,,,,
18:46:32.430,-111174.0,,1434.0,,,,
18:46:32.435,-111214.0,,236.0,,,,
18:46:32.441,-111196.0,,382.0,,,,
18:46:32.446,-111156.0,,2347.0,,,,
18:46:32.449,-111123.0,,1432.0,,,,
18:46:32.453,-111130.0,,237.0,,,,
18:46:32.457,-111080.0,,382.0,,,,
18:46:32.461,-111027.0,,2346.0,,,,
18:46:32.465,-110949.0,,1422.0,,,,
18:46:32.470,-110865.0,,236.0,,,,
18:46:32.474,-110737.0,,383.0,,,,
18:46:32.478,-110589.0,,2358.0,,,,
18:46:32.484,-110411.0,,1417.0,,,,
18:46:32.488,-110235.0,,234.0,,,,
18:46:32.492,-110084.0,,390.0,,,,
18:46:32.497,-109955.0,,2714.0,,,,
18:46:32.501,-109824.0,,840.0,,,,
18:46:32.505,-109675.0,,285.0,,,,
18:46:32.510,-109511.0,,569.0,,,,
18:46:32.514,-109363.0,,2698.0,,,,
18:46:32.519,-109266.0,,829.0,,,,
18:46:32.523,-109180.0,,282.0,,,,
18:46:32.527,-109089.0,,571.0,,,,
18:46:32.531,-109014.0,,2698.0,,,,
18:46:32.536,-108992.0,,829.0,,,,
18:46:32.539,-108965.0,,284.0,,,,
18:46:32.544,-108954.0,,572.0,,,,
18:46:32.548,-108947.0,,2699.0,,,,
18:46:32.551,-108960.0,,826.0,,,,
18:46:32.555,-109010.0,,284.0,,,,
18:46:32.559,-109006.0,,574.0,,,,
18:46:32.564,-109031.0,,2698.0,,,,
18:46:32.569,-109060.0,,822.0,,,,
18:46:32.574,-109091.0,,285.0,,,,
18:46:32.578,-109116.0,,583.0,,,,
18:46:32.582,-109144.0,,2698.0,,,,
18:46:32.586,-109193.0,,811.0,,,,
18:46:32.590,-109213.0,,282.0,,,,
18:46:32.594,-109239.0,,574.0,,,,
18:46:32.598,-109254.0,,2569.0,,,,
18:46:32.602,-109300.0,,699.0,,,,
18:46:32.606,-109333.0,,286.0,,,,
18:46:32.611,-109362.0,,575.0,,,,
18:46:32.615,-109381.0,,2558.0,,,,
18:46:32.619,-109410.0,,697.0,,,,
18:46:32.624,-109438.0,,283.0,,,,
18:46:32.628,-109449.0,,585.0,,,,
18:46:32.633,-109464.0,,2559.0,,,,
18:46:32.637,-109513.0,,697.0,,,,
18:46:32.640,-109527.0,,282.0,,,,
18:46:32.645,-109568.0,,864.0,,,,
18:46:32.649,-109578.0,,2360.0,,,,
18:46:32.653,-109632.0,,173.0,,,,
18:46:32.658,-109667.0,,302.0,,,,
18:46:32.662,-109706.0,,874.0,,,,
18:46:32.666,-109728.0,,2361.0,,,,
18:46:32.666,-109769.0,,169.0,,,,
18:46:32.666,-109804.0,,301.0,,,,
18:46:32.666,-109841.0,,872.0,,,,
18:46:32.686,-109871.0,,2349.0,,,,
18:46:32.686,-109912.0,,168.0,,,,
18:46:32.686,-109940.0,,300.0,,,,
18:46:32.700,-109963.0,,877.0,,,,
18:46:32.702,-109980.0,,2345.0,,,,
18:46:32.708,-110021.0,,170.0,,,,
18:46:32.716,-110047.0,,298.0,,,,
18:46:32.717,-110066.0,,888.0,,,,
18:46:32.725,-110067.0,,2336.0,,,,
18:46:32.725,-110087.0,,170.0,,,,
18:46:32.733,-110094.0,,311.0,,,,
18:46:32.741,-110109.0,,888.0,,,,
18:46:32.742,-110103.0,,2344.0,,,,
18:46:32.750,-110116.0,,169.0,,,,
18:46:32.750,-110137.0,,300.0,,,,
18:46:32.758,-110106.0,,890.0,,,,
18:46:32.766,-110092.0,,2343.0,,,,
18:46:32.766,-110111.0,,159.0,,,,
18:46:32.775,-110102.0,,302.0,,,,
18:46:32.775,-110080.0,,904.0,,,,
18:46:32.783,-110060.0,,2345.0,,,,
18:46:32.791,-110068.0,,158.0,,,,
18:46:32.792,-110057.0,,301.0,,,,
18:46:32.800,-110050.0,,894.0,,,,
18:46:32.800,-110036.0,,2332.0,,,,
18:46:32.808,-110054.0,,157.0,,,,
18:46:32.817,-110027.0,,317.0,,,,
18:46:32.817,-110032.0,,1372.0,,,,
18:46:32.825,-110016.0,,2093.0,,,,
18:46:32.825,-110053.0,,170.0,,,,
18:46:32.833,-110055.0,,316.0,,,,
18:46:32.841,-110031.0,,1373.0,,,,
18:46:32.841,-110046.0,,2078.0,,,,
18:46:32.850,-110051.0,,172.0,,,,
18:46:32.850,-110064.0,,316.0,,,,
18:46:32.860,-110065.0,,1382.0,,,,
18:46:32.867,-110077.0,,2076.0,,,,
18:46:32.867,-110084.0,,175.0,,,,
18:46:32.875,-110101.0,,317.0,,,,
18:46:32.875,-110103.0,,1385.0,,,,
18:46:32.883,-110116.0,,2080.0,,,,
18:46:32.892,-110168.0,,176.0,,,,
18:46:32.892,-110158.0,,318.0,,,,
18:46:32.900,-110196.0,,1388.0,,,,
18:46:32.908,-110195.0,,2076.0,,,,
18:46:32.908,-110244.0,,173.0,,,,
18:46:32.917,-110241.0,,314.0,,,,
18:46:32.917,-110266.0,,1391.0,,,,
18:46:32.925,-110265.0,,2073.0,,,,
18:46:32.933,-110309.0,,168.0,,,,
18:46:32.933,-110330.0,,314.0,,,,
18:46:32.942,-110328.0,,1399.0,,,,
18:46:32.942,-110368.0,,2076.0,,,,
18:46:32.950,-110392.0,,170.0,,,,
18:46:32.950,-110409.0,,314.0,,,,
18:46:32.958,-110398.0,,1399.0,,,,
18:46:32.966,-110430.0,,2064.0,,,,
18:46:32.966,-110453.0,,169.0,,,,
18:46:32.975,-110449.0,,315.0,,,,
18:46:32.975,-110477.0,,1402.0,,,,
18:46:32.984,-110489.0,,2063.0,,,,
18:46:32.992,-110537.0,,172.0,,,,
18:46:32.992,-110551.0,,346.0,,,,
18:46:33.000,-110570.0,,1870.0,,,,
18:46:33.008,-110569.0,,1820.0,,,,
18:46:33.008,-110605.0,,187.0,,,,
18:46:33.017,-110632.0,,334.0,,,,
18:46:33.024,-110630.0,,1870.0,,,,
18:46:33.025,-110644.0,,1817.0,,,,
18:46:33.033,-110684.0,,188.0,,,,
18:46:33.042,-110700.0,,344.0,,,,
18:46:33.042,-110716.0,,1878.0,,,,
18:46:33.050,-110740.0,,1815.0,,,,
18:46:33.050,-110769.0,,191.0,,,,
18:46:33.058,-110768.0,,345.0,,,,
18:46:33.058,-110780.0,,1884.0,,,,
18:46:33.067,-110828.0,,1800.0,,,,
18:46:33.074,-110847.0,,184.0,,,,
18:46:33.075,-110855.0,,343.0,,,,
18:46:33.083,-110859.0,,1885.0,,,,
18:46:33.083,-110888.0,,1788.0,,,,
18:46:33.092,-110918.0,,187.0,,,,
18:46:33.092,-110911.0,,335.0,,,,
18:46:33.100,-110942.0,,1886.0,,,,
18:46:33.108,-110943.0,,1784.0,,,,
18:46:33.108,-110963.0,,189.0,,,,
18:46:33.117,-110981.0,,334.0,,,,
18:46:33.117,-110985.0,,1886.0,,,,
18:46:33.125,-110970.0,,1768.0,,,,
18:46:33.133,-111001.0,,188.0,,,,
18:46:33.134,-111017.0,,333.0,,,,
18:46:33.142,-111007.0,,1885.0,,,,
18:46:33.142,-111013.0,,1758.0,,,,
18:46:33.150,-111038.0,,187.0,,,,
18:46:33.158,-111032.0,,334.0,,,,
18:46:33.159,-111015.0,,1897.0,,,,
18:46:33.167,-111019.0,,1751.0,,,,
18:46:33.167,-111007.0,,254.0,,,,
18:46:33.175,-110952.0,,408.0,,,,
18:46:33.183,-110873.0,,2457.0,,,,
18:46:33.183,-110816.0,,1130.0,,,,
18:46:33.191,-110712.0,,254.0,,,,
18:46:33.191,-110574.0,,406.0,,,,
18:46:33.200,-110393.0,,2446.0,,,,
18:46:33.208,-110217.0,,1117.0,,,,
18:46:33.208,-110085.0,,265.0,,,,
18:46:33.217,-109886.0,,410.0,,,,
18:46:33.217,-109687.0,,2447.0,,,,
18:46:33.225,-109459.0,,1114.0,,,,
18:46:33.233,-109259.0,,253.0,,,,
18:46:33.233,-109080.0,,414.0,,,,
18:46:33.242,-108914.0,,2458.0,,,,
18:46:33.242,-108794.0,,1111.0,,,,
18:46:33.254,-108684.0,,256.0,,,,
18:46:33.258,-108586.0,,413.0,,,,
18:46:33.258,-108535.0,,2458.0,,,,
18:46:33.267,-108502.0,,1103.0,,,,
18:46:33.267,-108481.0,,255.0,,,,
18:46:33.275,-108445.0,,413.0,,,,
18:46:33.283,-108456.0,,2462.0,,,,
18:46:33.283,-108458.0,,1101.0,,,,
18:46:33.292,-108448.0,,256.0,,,,
18:46:33.292,-108448.0,,416.0,,,,
18:46:33.300,-108438.0,,2462.0,,,,
18:46:33.308,-108463.0,,1099.0,,,,
18:46:33.308,-108481.0,,264.0,,,,
18:46:33.317,-108485.0,,421.0,,,,
18:46:33.317,-108495.0,,2473.0,,,,
18:46:33.325,-108512.0,,1097.0,,,,
18:46:33.333,-108546.0,,254.0,,,,
18:46:33.333,-108548.0,,414.0,,,,
18:46:33.342,-108576.0,,2476.0,,,,
18:46:33.350,-108607.0,,488.0,,,,
18:46:33.350,-108651.0,,287.0,,,,
18:46:33.358,-108663.0,,653.0,,,,
18:46:33.358,-108675.0,,2510.0,,,,
18:46:33.367,-108701.0,,458.0,,,,
18:46:33.375,-108740.0,,296.0,,,,
18:46:33.375,-108734.0,,663.0,,,,
18:46:33.383,-108730.0,,2503.0,,,,
18:46:33.383,-108783.0,,454.0,,,,
18:46:33.392,-108804.0,,297.0,,,,
18:46:33.400,-108840.0,,666.0,,,,
18:46:33.400,-108868.0,,2506.0,,,,
18:46:33.410,-108911.0,,444.0,,,,
18:46:33.413,-108952.0,,294.0,,,,
18:46:33.416,-108981.0,,667.0,,,,
18:46:33.425,-109018.0,,2503.0,,,,
18:46:33.425,-109087.0,,442.0,,,,
18:46:33.436,-109130.0,,299.0,,,,
18:46:33.442,-109172.0,,668.0,,,,
18:46:33.446,-109197.0,,2494.0,,,,
18:46:33.451,-109256.0,,431.0,,,,
18:46:33.458,-109275.0,,298.0,,,,
18:46:33.458,-109303.0,,668.0,,,,
18:46:33.467,-109314.0,,2496.0,,,,
18:46:33.476,-109354.0,,426.0,,,,
18:46:33.476,-109382.0,,295.0,,,,
18:46:33.483,-109380.0,,679.0,,,,
18:46:33.492,-109396.0,,2490.0,,,,
18:46:33.492,-109408.0,,427.0,,,,
18:46:33.500,-109405.0,,296.0,,,,
18:46:33.508,-109417.0,,669.0,,,,
18:46:33.509,-109404.0,,2494.0,,,,
18:46:33.517,-109423.0,,414.0,,,,
18:46:33.517,-109426.0,,286.0,,,,
18:46:33.525,-109411.0,,680.0,,,,
18:46:33.525,-109390.0,,2490.0,,,,
18:46:33.534,-109415.0,,158.0,,,,
18:46:33.541,-109397.0,,300.0,,,,
18:46:33.545,-109383.0,,1037.0,,,,
18:46:33.552,-109366.0,,2239.0,,,,
18:46:33.556,-109384.0,,160.0,,,,
18:46:33.561,-109377.0,,300.0,,,,
18:46:33.566,-109372.0,,1038.0,,,,
18:46:33.566,-109343.0,,2232.0,,,,
18:46:33.566,-109360.0,,158.0,,,,
18:46:33.566,-109363.0,,300.0,,,,
18:46:33.581,-109358.0,,1038.0,,,,
18:46:33.581,-109338.0,,2238.0,,,,
18:46:33.581,-109362.0,,159.0,,,,
18:46:33.597,-109366.0,,300.0,,,,
18:46:33.597,-109385.0,,1051.0,,,,
18:46:33.597,-109393.0,,2234.0,,,,
18:46:33.613,-109437.0,,153.0,,,,
18:46:33.613,-109434.0,,300.0,,,,
18:46:33.625,-109441.0,,1056.0,,,,
18:46:33.629,-109455.0,,2234.0,,,,
18:46:33.629,-109472.0,,165.0,,,,
18:46:33.629,-109506.0,,301.0,,,,
18:46:33.645,-109499.0,,1063.0,,,,
18:46:33.645,-109503.0,,2219.0,,,,
18:46:33.645,-109529.0,,154.0,,,,
18:46:33.664,-109540.0,,299.0,,,,
18:46:33.668,-109558.0,,1068.0,,,,
18:46:33.672,-109577.0,,2222.0,,,,
18:46:33.676,-109583.0,,155.0,,,,
18:46:33.676,-109619.0,,300.0,,,,
18:46:33.676,-109617.0,,1069.0,,,,
18:46:33.676,-109641.0,,2234.0,,,,
18:46:33.692,-109665.0,,158.0,,,,
18:46:33.692,-109667.0,,297.0,,,,
18:46:33.692,-109696.0,,1080.0,,,,
18:46:33.708,-109706.0,,2012.0,,,,
18:46:33.708,-109736.0,,187.0,,,,
18:46:33.708,-109742.0,,317.0,,,,
18:46:33.708,-109740.0,,1562.0,,,,
18:46:33.725,-109760.0,,2008.0,,,,
18:46:33.725,-109798.0,,184.0,,,,
18:46:33.725,-109816.0,,318.0,,,,
18:46:33.739,-109829.0,,1564.0,,,,
18:46:33.739,-109828.0,,2012.0,,,,
18:46:33.739,-109894.0,,186.0,,,,
18:46:33.755,-109901.0,,319.0,,,,
18:46:33.755,-109932.0,,1575.0,,,,
18:46:33.755,-109947.0,,1998.0,,,,
18:46:33.771,-109991.0,,184.0,,,,
18:46:33.771,-110018.0,,327.0,,,,
18:46:33.771,-110041.0,,1575.0,,,,
18:46:33.771,-110055.0,,1995.0,,,,
18:46:33.787,-110096.0,,187.0,,,,
18:46:33.787,-110114.0,,327.0,,,,
18:46:33.787,-110116.0,,1581.0,,,,
18:46:33.803,-110156.0,,1995.0,,,,
18:46:33.803,-110185.0,,184.0,,,,
18:46:33.803,-110199.0,,314.0,,,,
18:46:33.819,-110202.0,,1580.0,,,,
18:46:33.825,-110222.0,,1995.0,,,,
18:46:33.835,-110252.0,,312.0,,,,
18:46:33.835,-110308.0,,745.0,,,,
18:46:33.835,-110276.0,,2553.0,,,,
18:46:33.851,-110285.0,,1529.0,,,,
18:46:33.851,-110319.0,,172.0,,,,
18:46:33.851,-110343.0,,316.0,,,,
18:46:33.867,-110359.0,,1594.0,,,,
18:46:33.883,-110376.0,,1992.0,,,,
18:46:33.883,-110403.0,,184.0,,,,
18:46:33.899,-110425.0,,314.0,,,,
18:46:33.899,-110416.0,,2064.0,,,,
18:46:33.899,-110467.0,,1533.0,,,,
18:46:33.914,-110473.0,,192.0,,,,
18:46:33.914,-110470.0,,348.0,,,,
18:46:33.926,-110495.0,,2063.0,,,,
18:46:33.926,-110511.0,,1530.0,,,,
18:46:33.930,-110538.0,,190.0,,,,
18:46:33.930,-110524.0,,357.0,,,,
18:46:33.930,-110541.0,,2078.0,,,,
18:46:33.948,-110559.0,,1518.0,,,,
18:46:33.958,-110598.0,,202.0,,,,
18:46:33.958,-110619.0,,348.0,,,,
18:46:33.966,-110609.0,,2088.0,,,,
18:46:33.966,-110612.0,,1513.0,,,,
18:46:33.975,-110643.0,,202.0,,,,
18:46:33.975,-110603.0,,361.0,,,,
18:46:33.983,-110597.0,,2103.0,,,,
18:46:33.983,-110552.0,,1512.0,,,,
18:46:33.992,-110482.0,,203.0,,,,
18:46:33.992,-110410.0,,361.0,,,,
18:46:34.000,-110266.0,,2104.0,,,,
18:46:34.008,-110144.0,,1501.0,,,,
18:46:34.008,-110003.0,,203.0,,,,
18:46:34.016,-109813.0,,352.0,,,,
18:46:34.016,-109601.0,,2108.0,,,,
18:46:34.026,-109406.0,,1500.0,,,,
18:46:34.026,-109207.0,,203.0,,,,
18:46:34.033,-109023.0,,351.0,,,,
18:46:34.042,-108844.0,,2110.0,,,,
18:46:34.042,-108705.0,,1485.0,,,,
18:46:34.050,-108611.0,,214.0,,,,
18:46:34.050,-108515.0,,349.0,,,,
18:46:34.058,-108455.0,,2120.0,,,,
18:46:34.058,-108406.0,,1483.0,,,,
18:46:34.066,-108386.0,,206.0,,,,
18:46:34.066,-108359.0,,349.0,,,,
18:46:34.075,-108325.0,,2575.0,,,,
18:46:34.075,-108341.0,,909.0,,,,
18:46:34.083,-108360.0,,279.0,,,,
18:46:34.083,-108331.0,,480.0,,,,
18:46:34.091,-108328.0,,2572.0,,,,
18:46:34.092,-108353.0,,906.0,,,,
18:46:34.100,-108355.0,,280.0,,,,
18:46:34.100,-108375.0,,488.0,,,,
18:46:34.108,-108374.0,,2584.0,,,,
18:46:34.108,-108421.0,,904.0,,,,
18:46:34.117,-108458.0,,270.0,,,,
18:46:34.117,-108480.0,,494.0,,,,
18:46:34.126,-108502.0,,2574.0,,,,
18:46:34.126,-108545.0,,892.0,,,,
18:46:34.133,-108574.0,,270.0,,,,
18:46:34.141,-108603.0,,494.0,,,,
18:46:34.142,-108619.0,,2574.0,,,,
18:46:34.150,-108668.0,,890.0,,,,
18:46:34.150,-108684.0,,279.0,,,,
18:46:34.158,-108723.0,,503.0,,,,
18:46:34.158,-108728.0,,2570.0,,,,
18:46:34.167,-108768.0,,887.0,,,,
18:46:34.167,-108791.0,,271.0,,,,
18:46:34.175,-108813.0,,503.0,,,,
18:46:34.183,-108821.0,,2574.0,,,,
18:46:34.183,-108892.0,,876.0,,,,
18:46:34.192,-108910.0,,268.0,,,,
18:46:34.192,-108947.0,,504.0,,,,
18:46:34.200,-108979.0,,2572.0,,,,
18:46:34.208,-109001.0,,874.0,,,,
18:46:34.208,-109047.0,,271.0,,,,
18:46:34.217,-109091.0,,504.0,,,,
18:46:34.226,-109115.0,,2574.0,,,,
18:46:34.226,-109159.0,,872.0,,,,
18:46:34.233,-109192.0,,270.0,,,,
18:46:34.242,-109228.0,,780.0,,,,
18:46:34.242,-109249.0,,2425.0,,,,
18:46:34.250,-109295.0,,189.0,,,,
18:46:34.258,-109310.0,,298.0,,,,
18:46:34.258,-109337.0,,779.0,,,,
18:46:34.267,-109344.0,,2425.0,,,,
18:46:34.275,-109379.0,,200.0,,,,
18:46:34.275,-109399.0,,299.0,,,,
18:46:34.283,-109414.0,,781.0,,,,
18:46:34.283,-109445.0,,2413.0,,,,
18:46:34.292,-109482.0,,189.0,,,,
18:46:34.299,-109466.0,,299.0,,,,
18:46:34.300,-109484.0,,792.0,,,,
18:46:34.308,-109479.0,,2414.0,,,,
18:46:34.308,-109482.0,,188.0,,,,
18:46:34.317,-109513.0,,300.0,,,,
18:46:34.317,-109523.0,,793.0,,,,
18:46:34.327,-109506.0,,2556.0,,,,
18:46:34.333,-109518.0,,238.0,,,,
18:46:34.341,-109539.0,,298.0,,,,
18:46:34.341,-109520.0,,795.0,,,,
18:46:34.350,-109502.0,,2555.0,,,,
18:46:34.358,-109531.0,,222.0,,,,
18:46:34.358,-109533.0,,297.0,,,,
18:46:34.367,-109520.0,,793.0,,,,
18:46:34.367,-109524.0,,2552.0,,,,
18:46:34.375,-109544.0,,221.0,,,,
18:46:34.383,-109551.0,,295.0,,,,
18:46:34.383,-109551.0,,796.0,,,,
18:46:34.391,-109538.0,,2541.0,,,,
18:46:34.391,-109538.0,,218.0,,,,
18:46:34.400,-109579.0,,298.0,,,,
18:46:34.408,-109554.0,,808.0,,,,
18:46:34.412,-109563.0,,2544.0,,,,
18:46:34.417,-109603.0,,216.0,,,,
18:46:34.417,-109618.0,,298.0,,,,
18:46:34.426,-109617.0,,1240.0,,,,
18:46:34.426,-109625.0,,2298.0,,,,
18:46:34.434,-109650.0,,170.0,,,,
18:46:34.441,-109649.0,,313.0,,,,
18:46:34.442,-109663.0,,1258.0,,,,
18:46:34.449,-109670.0,,2297.0,,,,
18:46:34.450,-109686.0,,168.0,,,,
18:46:34.459,-109711.0,,313.0,,,,
18:46:34.459,-109717.0,,1257.0,,,,
18:46:34.467,-109734.0,,2283.0,,,,
18:46:34.467,-109776.0,,172.0,,,,
18:46:34.476,-109780.0,,313.0,,,,
18:46:34.483,-109801.0,,1271.0,,,,
18:46:34.483,-109803.0,,2283.0,,,,
18:46:34.492,-109863.0,,159.0,,,,
18:46:34.492,-109893.0,,315.0,,,,
18:46:34.500,-109911.0,,1261.0,,,,
18:46:34.500,-109938.0,,2280.0,,,,
18:46:34.508,-109984.0,,171.0,,,,
18:46:34.508,-109981.0,,314.0,,,,
18:46:34.517,-110034.0,,1274.0,,,,
18:46:34.526,-110038.0,,2280.0,,,,
18:46:34.526,-110069.0,,159.0,,,,
18:46:34.533,-110095.0,,312.0,,,,
18:46:34.542,-110111.0,,1274.0,,,,
18:46:34.542,-110120.0,,2270.0,,,,
18:46:34.550,-110159.0,,167.0,,,,
18:46:34.558,-110194.0,,313.0,,,,
18:46:34.558,-110197.0,,1288.0,,,,
18:46:34.567,-110201.0,,2271.0,,,,
18:46:34.567,-110254.0,,169.0,,,,
18:46:34.575,-110259.0,,312.0,,,,
18:46:34.575,-110261.0,,1291.0,,,,
18:46:34.583,-110280.0,,2265.0,,,,
18:46:34.591,-110328.0,,168.0,,,,
18:46:34.591,-110333.0,,334.0,,,,
18:46:34.600,-110345.0,,1784.0,,,,
18:46:34.600,-110370.0,,2059.0,,,,
18:46:34.608,-110385.0,,189.0,,,,
18:46:34.617,-110411.0,,328.0,,,,
18:46:34.617,-110419.0,,1774.0,,,,
18:46:34.627,-110418.0,,2047.0,,,,
18:46:34.627,-110464.0,,190.0,,,,
18:46:34.633,-110479.0,,331.0,,,,
18:46:34.641,-110496.0,,1784.0,,,,
18:46:34.641,-110516.0,,2046.0,,,,
18:46:34.650,-110547.0,,185.0,,,,
18:46:34.650,-110558.0,,330.0,,,,
18:46:34.663,-110572.0,,1787.0,,,,
18:46:34.667,-110595.0,,2056.0,,,,
18:46:34.675,-110644.0,,191.0,,,,
18:46:34.683,-110653.0,,333.0,,,,
18:46:34.692,-110676.0,,1791.0,,,,
18:46:34.700,-110678.0,,2044.0,,,,
18:46:34.708,-110722.0,,191.0,,,,
18:46:34.713,-110727.0,,332.0,,,,
18:46:34.718,-110757.0,,1799.0,,,,
18:46:34.726,-110755.0,,2041.0,,,,
18:46:34.731,-110777.0,,189.0,,,,
18:46:34.733,-110791.0,,333.0,,,,
18:46:34.742,-110808.0,,1801.0,,,,
18:46:34.742,-110826.0,,2039.0,,,,
18:46:34.750,-110835.0,,186.0,,,,
18:46:34.750,-110836.0,,331.0,,,,
18:46:34.758,-110799.0,,1803.0,,,,
18:46:34.766,-110782.0,,2029.0,,,,
18:46:34.766,-110771.0,,187.0,,,,
18:46:34.775,-110722.0,,333.0,,,,
18:46:34.775,-110658.0,,1802.0,,,,
18:46:34.784,-110570.0,,2029.0,,,,
18:46:34.791,-110496.0,,250.0,,,,
18:46:34.792,-110371.0,,382.0,,,,
18:46:34.800,-110198.0,,2407.0,,,,
18:46:34.800,-110073.0,,1358.0,,,,
18:46:34.810,-109909.0,,250.0,,,,
18:46:34.816,-109716.0,,383.0,,,,
18:46:34.821,-109497.0,,2412.0,,,,
18:46:34.825,-109285.0,,1355.0,,,,
18:46:34.830,-109109.0,,247.0,,,,
18:46:34.832,-108966.0,,382.0,,,,
18:46:34.832,-108796.0,,2414.0,,,,
18:46:34.832,-108699.0,,1344.0,,,,
18:46:34.848,-108613.0,,249.0,,,,
18:46:34.848,-108545.0,,394.0,,,,
18:46:34.848,-108491.0,,2423.0,,,,
18:46:34.848,-108472.0,,1338.0,,,,
18:46:34.864,-108474.0,,251.0,,,,
18:46:34.864,-108468.0,,393.0,,,,
18:46:34.864,-108454.0,,2427.0,,,,
18:46:34.864,-108449.0,,1326.0,,,,
18:46:34.880,-108480.0,,250.0,,,,
18:46:34.880,-108491.0,,395.0,,,,
18:46:34.880,-108507.0,,2426.0,,,,
18:46:34.896,-108539.0,,1324.0,,,,
18:46:34.896,-108561.0,,262.0,,,,
18:46:34.896,-108571.0,,394.0,,,,
18:46:34.911,-108580.0,,2442.0,,,,
18:46:34.911,-108614.0,,1319.0,,,,
18:46:34.911,-108657.0,,253.0,,,,
18:46:34.927,-108654.0,,393.0,,,,
18:46:34.931,-108674.0,,2440.0,,,,
18:46:34.937,-108693.0,,1311.0,,,,
18:46:34.939,-108721.0,,251.0,,,,
18:46:34.943,-108742.0,,394.0,,,,
18:46:34.943,-108749.0,,2443.0,,,,
18:46:34.943,-108781.0,,1307.0,,,,
18:46:34.959,-108810.0,,298.0,,,,
18:46:34.959,-108833.0,,607.0,,,,
18:46:34.959,-108836.0,,2662.0,,,,
18:46:34.975,-108853.0,,712.0,,,,
18:46:34.975,-108880.0,,288.0,,,,
18:46:34.975,-108888.0,,605.0,,,,
18:46:34.975,-108908.0,,2648.0,,,,
18:46:34.991,-108947.0,,698.0,,,,
18:46:34.991,-108958.0,,296.0,,,,
18:46:34.991,-109000.0,,619.0,,,,
18:46:35.007,-109025.0,,2650.0,,,,
18:46:35.007,-109069.0,,686.0,,,,
18:46:35.007,-109098.0,,297.0,,,,
18:46:35.023,-109130.0,,615.0,,,,
18:46:35.027,-109164.0,,2648.0,,,,
18:46:35.027,-109211.0,,680.0,,,,
18:46:35.039,-109255.0,,296.0,,,,
18:46:35.039,-109273.0,,621.0,,,,
18:46:35.039,-109305.0,,2648.0,,,,
18:46:35.054,-109327.0,,670.0,,,,
18:46:35.054,-109364.0,,296.0,,,,
18:46:35.054,-109389.0,,622.0,,,,
18:46:35.054,-109393.0,,2648.0,,,,
18:46:35.070,-109391.0,,663.0,,,,
18:46:35.070,-109429.0,,297.0,,,,
18:46:35.070,-109428.0,,632.0,,,,
18:46:35.086,-109407.0,,2637.0,,,,
18:46:35.086,-109425.0,,650.0,,,,
18:46:35.086,-109410.0,,296.0,,,,
18:46:35.086,-109403.0,,624.0,,,,
18:46:35.102,-109388.0,,2636.0,,,,
18:46:35.102,-109408.0,,648.0,,,,
18:46:35.102,-109414.0,,286.0,,,,
18:46:35.118,-109402.0,,634.0,,,,
18:46:35.118,-109382.0,,2635.0,,,,
18:46:35.127,-109397.0,,158.0,,,,
18:46:35.134,-109402.0,,298.0,,,,
18:46:35.134,-109385.0,,943.0,,,,
18:46:35.134,-109383.0,,2428.0,,,,
18:46:35.149,-109402.0,,158.0,,,,
18:46:35.149,-109397.0,,300.0,,,,
18:46:35.149,-109405.0,,954.0,,,,
18:46:35.149,-109392.0,,2430.0,,,,
18:46:35.165,-109435.0,,156.0,,,,
18:46:35.165,-109447.0,,301.0,,,,
18:46:35.165,-109463.0,,959.0,,,,
18:46:35.181,-109458.0,,2426.0,,,,
18:46:35.181,-109504.0,,167.0,,,,
18:46:35.181,-109520.0,,312.0,,,,
18:46:35.198,-109545.0,,969.0,,,,
18:46:35.198,-109571.0,,2423.0,,,,
18:46:35.198,-109606.0,,158.0,,,,
18:46:35.214,-109620.0,,301.0,,,,
18:46:35.219,-109644.0,,973.0,,,,
18:46:35.227,-109674.0,,2415.0,,,,
18:46:35.233,-109703.0,,167.0,,,,
18:46:35.233,-109726.0,,300.0,,,,
18:46:35.242,-109734.0,,984.0,,,,
18:46:35.242,-109773.0,,2411.0,,,,
18:46:35.250,-109791.0,,157.0,,,,
18:46:35.258,-109820.0,,299.0,,,,
18:46:35.258,-109836.0,,985.0,,,,
18:46:35.267,-109857.0,,2408.0,,,,
18:46:35.267,-109888.0,,168.0,,,,
18:46:35.275,-109892.0,,298.0,,,,
18:46:35.275,-109915.0,,987.0,,,,
18:46:35.283,-109933.0,,2409.0,,,,
18:46:35.283,-109957.0,,160.0,,,,
18:46:35.292,-109981.0,,298.0,,,,
18:46:35.299,-110011.0,,990.0,,,,
18:46:35.300,-110035.0,,2173.0,,,,
18:46:35.308,-110066.0,,174.0,,,,
18:46:35.316,-110076.0,,316.0,,,,
18:46:35.316,-110098.0,,1481.0,,,,
18:46:35.325,-110122.0,,2173.0,,,,
18:46:35.327,-110153.0,,176.0,,,,
18:46:35.333,-110160.0,,318.0,,,,
18:46:35.333,-110170.0,,1482.0,,,,
18:46:35.342,-110207.0,,2170.0,,,,
18:46:35.350,-110248.0,,184.0,,,,
18:46:35.350,-110243.0,,327.0,,,,
18:46:35.358,-110270.0,,1485.0,,,,
18:46:35.358,-110280.0,,2167.0,,,,
18:46:35.369,-110300.0,,182.0,,,,
18:46:35.375,-110328.0,,318.0,,,,
18:46:35.375,-110347.0,,1498.0,,,,
18:46:35.383,-110376.0,,2158.0,,,,
18:46:35.383,-110402.0,,185.0,,,,
18:46:35.392,-110415.0,,317.0,,,,
18:46:35.400,-110436.0,,1501.0,,,,
18:46:35.400,-110437.0,,2166.0,,,,
18:46:35.409,-110497.0,,184.0,,,,
18:46:35.409,-110487.0,,317.0,,,,
18:46:35.417,-110512.0,,1512.0,,,,
18:46:35.425,-110525.0,,2153.0,,,,
18:46:35.427,-110544.0,,183.0,,,,
18:46:35.433,-110568.0,,328.0,,,,
18:46:35.441,-110582.0,,1516.0,,,,
18:46:35.442,-110577.0,,2158.0,,,,
18:46:35.450,-110610.0,,187.0,,,,
18:46:35.450,-110622.0,,315.0,,,,
18:46:35.458,-110630.0,,1527.0,,,,
18:46:35.458,-110666.0,,2155.0,,,,
18:46:35.467,-110689.0,,188.0,,,,
18:46:35.475,-110676.0,,314.0,,,,
18:46:35.475,-110705.0,,1530.0,,,,
18:46:35.483,-110701.0,,1726.0,,,,
18:46:35.492,-110734.0,,190.0,,,,
18:46:35.492,-110740.0,,348.0,,,,
18:46:35.500,-110747.0,,2014.0,,,,
18:46:35.508,-110757.0,,1720.0,,,,
18:46:35.516,-110787.0,,189.0,,,,
18:46:35.527,-110776.0,,350.0,,,,
18:46:35.533,-110790.0,,2032.0,,,,
18:46:35.542,-110807.0,,1708.0,,,,
18:46:35.542,-110842.0,,188.0,,,,
18:46:35.550,-110847.0,,352.0,,,,
18:46:35.558,-110834.0,,2043.0,,,,
18:46:35.558,-110840.0,,1692.0,,,,
18:46:35.567,-110835.0,,187.0,,,,
18:46:35.567,-110801.0,,359.0,,,,
18:46:35.575,-110774.0,,2046.0,,,,
18:46:35.575,-110714.0,,1691.0,,,,
18:46:35.583,-110629.0,,190.0,,,,
18:46:35.591,-110529.0,,350.0,,,,
18:46:35.591,-110379.0,,2059.0,,,,
18:46:35.600,-110249.0,,1679.0,,,,
18:46:35.600,-110095.0,,189.0,,,,
18:46:35.609,-109907.0,,350.0,,,,
18:46:35.609,-109691.0,,2062.0,,,,
18:46:35.617,-109467.0,,1672.0,,,,
18:46:35.617,-109276.0,,190.0,,,,
18:46:35.625,-109078.0,,348.0,,,,
18:46:35.627,-108909.0,,2076.0,,,,
18:46:35.633,-108764.0,,1662.0,,,,
18:46:35.633,-108682.0,,199.0,,,,
18:46:35.642,-108580.0,,349.0,,,,
18:46:35.642,-108528.0,,2088.0,,,,
18:46:35.650,-108480.0,,1659.0,,,,
18:46:35.650,-108483.0,,190.0,,,,
18:46:35.658,-108431.0,,349.0,,,,
18:46:35.667,-108423.0,,2655.0,,,,
18:46:35.667,-108420.0,,1051.0,,,,
18:46:35.675,-108439.0,,270.0,,,,
18:46:35.675,-108426.0,,476.0,,,,
